device_id,location,timestamp,arrival_time,reading_value,event_type,z_score,anomaly
DEV004,Nagpur,2026-08-01 00:00:00,2026-08-01 00:00:00,30.01,NORMAL,-0.09751837424200632,NO
DEV001,Pune,2026-08-01 00:01:00,2026-08-01 00:01:00,30.55,NORMAL,-0.026674158977135827,NO
DEV001,Pune,2026-08-01 00:02:00,2026-08-01 00:02:00,28.25,NORMAL,-0.32841803880899223,NO
DEV002,Mumbai,2026-08-01 00:03:00,2026-08-01 00:03:00,30.81,NORMAL,0.007436018742986797,NO
DEV001,Pune,2026-08-01 00:04:00,2026-08-01 00:04:00,30.86,NORMAL,0.013995668304548984,NO
DEV004,Nagpur,2026-08-01 00:05:00,2026-08-01 00:05:00,36.03,NORMAL,0.6922634329700696,NO
DEV001,Pune,2026-08-01 00:06:00,2026-08-01 00:06:00,23.82,NORMAL,-0.9096029899633936,NO
DEV004,Nagpur,2026-08-01 00:07:00,2026-08-01 00:07:00,27.51,NORMAL,-0.425500852320111,NO
DEV005,Chhatrapati Sambhajinagar,2026-08-01 00:08:00,2026-08-01 00:08:00,33.98,NORMAL,0.4233178009460233,NO
DEV001,Pune,2026-08-01 00:09:00,2026-08-01 00:09:00,35.66,NORMAL,0.6437220262145096,NO
DEV005,Chhatrapati Sambhajinagar,2026-08-01 00:10:00,2026-08-01 00:10:00,37.46,NORMAL,0.8798694104307455,NO
DEV002,Mumbai,2026-08-01 00:11:00,2026-08-01 00:11:00,23.41,NORMAL,-0.9633921163682029,NO
DEV001,Pune,2026-08-01 00:12:00,2026-08-01 00:12:00,28.45,NORMAL,-0.30217944056274393,NO
DEV001,Pune,2026-08-01 00:13:00,2026-08-01 00:13:00,30.6,NORMAL,-0.02011450941557364,NO
DEV004,Nagpur,2026-08-01 00:14:00,2026-08-01 00:14:00,26.98,NORMAL,-0.4950331376726693,NO
DEV004,Nagpur,2026-08-01 00:15:00,2026-08-01 00:15:00,25.8,NORMAL,-0.6498408673255347,NO
DEV005,Chhatrapati Sambhajinagar,2026-08-01 00:16:00,2026-08-01 00:16:00,25.85,NORMAL,-0.6432812177639725,NO
DEV003,Nashik,2026-08-01 00:17:00,2026-08-01 00:17:00,28.0,NORMAL,-0.36121628661680266,NO
DEV004,Nagpur,2026-08-01 00:18:00,2026-08-01 00:18:00,23.65,NORMAL,-0.9319057984727049,NO
DEV005,Chhatrapati Sambhajinagar,2026-08-01 00:19:00,2026-08-01 00:21:00,29.36,LATE,-0.18279381854231383,NO
DEV003,Nashik,2026-08-01 00:20:00,2026-08-01 00:20:00,23.54,NORMAL,-0.9463370275081415,NO
DEV003,Nashik,2026-08-01 00:21:00,2026-08-01 00:21:00,32.32,NORMAL,0.20553743550216222,NO
DEV004,Nagpur,2026-08-01 00:22:00,2026-08-01 00:22:00,33.76,NORMAL,0.3944553428751502,NO
DEV001,Pune,2026-08-01 00:23:00,2026-08-01 00:23:00,33.45,NORMAL,0.3537855155934659,NO
DEV005,Chhatrapati Sambhajinagar,2026-08-01 00:24:00,2026-08-01 00:24:00,35.67,NORMAL,0.6450339561268227,NO
DEV002,Mumbai,2026-08-01 00:25:00,2026-08-01 00:25:00,26.52,NORMAL,-0.5553819136390407,NO
DEV003,Nashik,2026-08-01 00:26:00,2026-08-01 00:26:00,30.06,NORMAL,-0.09095872468044461,NO
DEV004,Nagpur,2026-08-01 00:27:00,2026-08-01 00:27:00,30.51,NORMAL,-0.03192187862638539,NO
DEV001,Pune,2026-08-01 00:28:00,2026-08-01 00:28:00,29.47,NORMAL,-0.1683625895068773,NO
DEV002,Mumbai,2026-08-01 00:29:00,2026-08-01 00:29:00,25.71,NORMAL,-0.6616482365363464,NO
DEV005,Chhatrapati Sambhajinagar,2026-08-01 00:30:00,2026-08-01 00:30:00,24.24,NORMAL,-0.8545019336462724,NO
DEV005,Chhatrapati Sambhajinagar,2026-08-01 00:31:00,2026-08-01 00:31:00,36.18,NORMAL,0.7119423816547558,NO
DEV001,Pune,2026-08-01 00:32:00,2026-08-01 00:32:00,35.03,NORMAL,0.5610704417388278,NO
DEV003,Nashik,2026-08-01 00:13:00,2026-08-01 00:33:00,31.03,BACKDATED,0.03629847681386032,NO
DEV002,Mumbai,2026-08-01 00:34:00,2026-08-01 00:34:00,35.64,NORMAL,0.6410981663898853,NO
DEV004,Nagpur,2026-08-01 00:35:00,2026-08-01 00:35:00,23.34,NORMAL,-0.9725756257543898,NO
DEV001,Pune,2026-08-01 00:36:00,2026-08-01 00:36:00,24.79,NORMAL,-0.7823457884690892,NO
DEV005,Chhatrapati Sambhajinagar,2026-08-01 00:37:00,2026-08-01 00:37:00,25.98,NORMAL,-0.6262261289039112,NO
DEV002,Mumbai,2026-08-01 00:38:00,2026-08-01 00:38:00,25.18,NORMAL,-0.7311805218889048,NO
DEV001,Pune,2026-08-01 00:39:00,2026-08-01 00:39:00,28.49,NORMAL,-0.29693172091349435,NO
DEV005,Chhatrapati Sambhajinagar,2026-08-01 00:40:00,2026-08-01 00:40:00,26.84,NORMAL,-0.5134001564450432,NO
DEV002,Mumbai,2026-08-01 00:41:00,2026-08-01 00:41:00,26.81,NORMAL,-0.5173359461819806,NO
DEV001,Pune,2026-08-01 00:42:00,2026-08-01 00:42:00,37.02,NORMAL,0.8221444942889994,NO
DEV004,Nagpur,2026-08-01 00:43:00,2026-08-01 00:43:00,25.96,NORMAL,-0.628849988728536,NO
DEV003,Nashik,2026-08-01 00:44:00,2026-08-01 00:44:00,32.06,NORMAL,0.1714272577820396,NO
DEV005,Chhatrapati Sambhajinagar,2026-08-01 00:45:00,2026-08-01 00:45:00,31.33,NORMAL,0.07565637418323251,NO
DEV005,Chhatrapati Sambhajinagar,2026-08-01 00:46:00,2026-08-01 00:46:00,25.43,NORMAL,-0.6983822740810943,NO
DEV005,Chhatrapati Sambhajinagar,2026-08-01 00:47:00,2026-08-01 00:47:00,30.44,NORMAL,-0.04110538801257236,NO
DEV005,Chhatrapati Sambhajinagar,2026-08-01 00:48:00,2026-08-01 00:48:00,35.72,NORMAL,0.6515936056883844,NO
DEV002,Mumbai,2026-08-01 00:49:00,2026-08-01 00:49:00,36.76,NORMAL,0.7880343165688758,NO
DEV005,Chhatrapati Sambhajinagar,2026-08-01 00:50:00,2026-08-01 01:00:00,37.38,LATE,0.8693739711322463,NO
DEV004,Nagpur,2026-08-01 00:51:00,2026-08-01 00:51:00,28.21,NORMAL,-0.33366575845824176,NO
DEV005,Chhatrapati Sambhajinagar,2026-08-01 00:52:00,2026-08-01 01:01:00,32.29,LATE,0.20160164576522482,NO
DEV005,Chhatrapati Sambhajinagar,2026-08-01 00:53:00,2026-08-01 00:53:00,32.59,NORMAL,0.24095954313459794,NO
DEV004,Nagpur,2026-08-01 00:54:00,2026-08-01 00:54:00,35.54,NORMAL,0.6279788672667609,NO
DEV003,Nashik,2026-08-01 00:55:00,2026-08-01 00:55:00,24.5,NORMAL,-0.8203917559261492,NO
DEV003,Nashik,2026-08-01 00:56:00,2026-08-01 00:56:00,35.62,NORMAL,0.63847430656526,NO
DEV002,Mumbai,2026-08-01 00:57:00,2026-08-01 00:57:00,22.45,NORMAL,-1.089337387950195,NO
DEV001,Pune,2026-08-01 00:58:00,2026-08-01 00:58:00,25.18,NORMAL,-0.7311805218889048,NO
DEV005,Chhatrapati Sambhajinagar,2026-08-01 00:59:00,2026-08-01 00:59:00,25.58,NORMAL,-0.6787033253964082,NO
DEV003,Nashik,2026-08-01 01:00:00,2026-08-01 01:00:00,30.84,NORMAL,0.011371808479924203,NO
DEV004,Nagpur,2026-08-01 00:31:00,2026-08-01 01:01:00,22.15,BACKDATED,-1.1286952853195678,NO
DEV002,Mumbai,2026-08-01 01:02:00,2026-08-01 01:02:00,31.86,NORMAL,0.14518865953579085,NO
DEV005,Chhatrapati Sambhajinagar,2026-08-01 01:03:00,2026-08-01 01:03:00,28.43,NORMAL,-0.3048033003873687,NO
DEV003,Nashik,2026-08-01 01:04:00,2026-08-01 01:04:00,37.79,NORMAL,0.923163097537055,NO
DEV003,Nashik,2026-08-01 01:05:00,2026-08-01 01:05:00,23.68,NORMAL,-0.9279700087357676,NO
DEV005,Chhatrapati Sambhajinagar,2026-08-01 01:06:00,2026-08-01 01:06:00,30.65,NORMAL,-0.013554859854011921,NO
DEV004,Nagpur,2026-08-01 01:07:00,2026-08-01 01:07:00,29.43,NORMAL,-0.17361030915612685,NO
DEV002,Mumbai,2026-08-01 01:08:00,2026-08-01 01:08:00,25.19,NORMAL,-0.7298685919765922,NO
DEV001,Pune,2026-08-01 01:09:00,2026-08-01 01:09:00,34.29,NORMAL,0.46398762822770856,NO
DEV003,Nashik,2026-08-01 01:10:00,2026-08-01 01:10:00,32.42,NORMAL,0.2186567346252866,NO
DEV004,Nagpur,2026-08-01 01:11:00,2026-08-01 01:11:00,22.44,NORMAL,-1.0906493178625074,NO
DEV003,Nashik,2026-08-01 01:12:00,2026-08-01 01:12:00,28.38,NORMAL,-0.3113629499489309,NO
DEV003,Nashik,2026-08-01 01:13:00,2026-08-01 01:13:00,34.26,NORMAL,0.46005183849077114,NO
DEV002,Mumbai,2026-08-01 01:14:00,2026-08-01 01:14:00,37.04,NORMAL,0.8247683541136237,NO
DEV005,Chhatrapati Sambhajinagar,2026-08-01 01:15:00,2026-08-01 01:15:00,27.28,NORMAL,-0.4556752403032967,NO
DEV005,Chhatrapati Sambhajinagar,2026-08-01 01:16:00,2026-08-01 01:16:00,27.82,NORMAL,-0.3848310250384262,NO
DEV004,Nagpur,2026-08-01 01:17:00,2026-08-01 01:17:00,27.27,NORMAL,-0.4569871702156093,NO
DEV005,Chhatrapati Sambhajinagar,2026-08-01 01:18:00,2026-08-01 01:20:00,25.62,LATE,-0.6734556057471582,NO
DEV002,Mumbai,2026-08-01 01:19:00,2026-08-01 01:19:00,24.14,NORMAL,-0.8676212327693962,NO
DEV004,Nagpur,2026-08-01 01:20:00,2026-08-01 01:20:00,30.44,NORMAL,-0.04110538801257236,NO
DEV004,Nagpur,2026-08-01 01:21:00,2026-08-01 01:21:00,27.25,NORMAL,-0.45961103004023407,NO
DEV005,Chhatrapati Sambhajinagar,2026-08-01 01:22:00,2026-08-01 01:22:00,35.91,NORMAL,0.6765202740223201,NO
DEV004,Nagpur,2026-08-01 01:23:00,2026-08-01 01:23:00,30.27,NORMAL,-0.0634081965218837,NO
DEV004,Nagpur,2026-08-01 01:24:00,2026-08-01 01:24:00,33.74,NORMAL,0.3918314830505259,NO
DEV002,Mumbai,2026-08-01 01:25:00,2026-08-01 01:25:00,24.56,NORMAL,-0.8125201764522749,NO
DEV003,Nashik,2026-08-01 01:26:00,2026-08-01 01:26:00,22.76,NORMAL,-1.0486675606685099,NO
DEV001,Pune,2026-08-01 01:27:00,2026-08-01 01:27:00,28.98,NORMAL,-0.23264715521018559,NO
DEV004,Nagpur,2026-08-01 01:28:00,2026-08-01 01:28:00,22.74,NORMAL,-1.0512914204931352,NO
DEV001,Pune,2026-08-01 01:29:00,2026-08-01 01:29:00,37.47,NORMAL,0.8811813403430576,NO
DEV004,Nagpur,2026-08-01 01:10:00,2026-08-01 01:30:00,28.5,BACKDATED,-0.29561979100118174,NO
DEV002,Mumbai,2026-08-01 01:31:00,2026-08-01 01:31:00,23.89,NORMAL,-0.9004194805772067,NO
DEV005,Chhatrapati Sambhajinagar,2026-08-01 01:32:00,2026-08-01 01:32:00,34.06,NORMAL,0.43381324024452333,NO
DEV002,Mumbai,2026-08-01 01:33:00,2026-08-01 01:33:00,36.57,NORMAL,0.7631076482349402,NO
DEV001,Pune,2026-08-01 01:34:00,2026-08-01 01:34:00,29.24,NORMAL,-0.19853697749006297,NO
DEV001,Pune,2026-08-01 01:35:00,2026-08-01 01:35:00,28.05,NORMAL,-0.3546566370552405,NO
DEV005,Chhatrapati Sambhajinagar,2026-08-01 01:36:00,2026-08-01 01:36:00,25.4,NORMAL,-0.7023180638180317,NO
DEV001,Pune,2026-08-01 01:08:00,2026-08-01 01:37:00,29.0,BACKDATED,-0.23002329538556082,NO
DEV003,Nashik,2026-08-01 01:38:00,2026-08-01 01:38:00,25.37,NORMAL,-0.7062538535549686,NO
DEV001,Pune,2026-08-01 01:39:00,2026-08-01 01:39:00,33.38,NORMAL,0.3446020062072789,NO
DEV002,Mumbai,2026-08-01 01:40:00,2026-08-01 01:40:00,27.14,NORMAL,-0.4740422590756706,NO
DEV002,Mumbai,2026-08-01 01:41:00,2026-08-01 01:41:00,26.88,NORMAL,-0.5081524367957937,NO
DEV004,Nagpur,2026-08-01 01:42:00,2026-08-01 01:42:00,36.41,NORMAL,0.7421167696379409,NO
DEV003,Nashik,2026-08-01 01:43:00,2026-08-01 01:43:00,36.0,NORMAL,0.6883276432331322,NO
DEV003,Nashik,2026-08-01 01:44:00,2026-08-01 01:44:00,31.82,NORMAL,0.1399409398865413,NO
DEV001,Pune,2026-08-01 01:45:00,2026-08-01 01:45:00,29.41,NORMAL,-0.17623416898075164,NO
DEV002,Mumbai,2026-08-01 01:46:00,2026-08-01 01:46:00,36.22,NORMAL,0.7171901013040053,NO
DEV002,Mumbai,2026-08-01 01:47:00,2026-08-01 01:47:00,32.85,NORMAL,0.27506972085472053,NO
DEV003,Nashik,2026-08-01 01:48:00,2026-08-01 01:48:00,32.96,NORMAL,0.28950094989015707,NO
DEV003,Nashik,2026-08-01 01:49:00,2026-08-01 01:49:00,31.86,NORMAL,0.14518865953579085,NO
DEV005,Chhatrapati Sambhajinagar,2026-08-01 01:50:00,2026-08-01 01:53:00,36.66,LATE,0.7749150174457514,NO
DEV002,Mumbai,2026-08-01 01:51:00,2026-08-01 01:51:00,30.18,NORMAL,-0.07521556573269544,NO
DEV003,Nashik,2026-08-01 01:52:00,2026-08-01 01:52:00,34.63,NORMAL,0.5085932452463312,NO
DEV004,Nagpur,2026-08-01 01:53:00,2026-08-01 01:53:00,31.8,NORMAL,0.1373170800619165,NO
DEV002,Mumbai,2026-08-01 01:54:00,2026-08-01 01:54:00,22.98,NORMAL,-1.019805102597637,NO
DEV001,Pune,2026-08-01 01:55:00,2026-08-01 01:55:00,30.48,NORMAL,-0.0358576683633228,NO
DEV003,Nashik,2026-08-01 01:56:00,2026-08-01 01:56:00,32.38,NORMAL,0.21340901497603704,NO
DEV002,Mumbai,2026-08-01 01:57:00,2026-08-01 01:57:00,36.25,NORMAL,0.7211258910409427,NO
DEV001,Pune,2026-08-01 01:58:00,2026-08-01 01:58:00,24.85,NORMAL,-0.7744742089952144,NO
DEV005,Chhatrapati Sambhajinagar,2026-08-01 01:59:00,2026-08-01 01:59:00,25.16,NORMAL,-0.7338043817135296,NO
DEV001,Pune,2026-08-01 01:41:00,2026-08-01 02:00:00,35.84,BACKDATED,0.667336764636134,NO
DEV001,Pune,2026-08-01 02:01:00,2026-08-01 02:01:00,36.33,NORMAL,0.7316213303394419,NO
DEV005,Chhatrapati Sambhajinagar,2026-08-01 02:02:00,2026-08-01 02:02:00,28.89,NORMAL,-0.24445452442099735,NO
DEV001,Pune,2026-08-01 02:03:00,2026-08-01 02:03:00,23.66,NORMAL,-0.9305938685603924,NO
DEV001,Pune,2026-08-01 02:04:00,2026-08-01 02:04:00,31.64,NORMAL,0.11632620146491779,NO
DEV001,Pune,2026-08-01 02:05:00,2026-08-01 02:05:00,29.37,NORMAL,-0.1814818886300012,NO
DEV003,Nashik,2026-08-01 02:06:00,2026-08-01 02:06:00,31.5,NORMAL,0.09795918269254385,NO
DEV002,Mumbai,2026-08-01 02:07:00,2026-08-01 02:07:00,24.66,NORMAL,-0.7994008773291505,NO
DEV003,Nashik,2026-08-01 02:08:00,2026-08-01 02:08:00,30.62,NORMAL,-0.01749064959094886,NO
DEV004,Nagpur,2026-08-01 02:09:00,2026-08-01 02:09:00,37.52,NORMAL,0.8877409899046204,NO
DEV001,Pune,2026-08-01 02:10:00,2026-08-01 02:10:00,34.88,NORMAL,0.5413914930541417,NO
DEV005,Chhatrapati Sambhajinagar,2026-08-01 02:11:00,2026-08-01 02:11:00,31.73,NORMAL,0.12813357067572953,NO
DEV005,Chhatrapati Sambhajinagar,2026-08-01 02:12:00,2026-08-01 02:12:00,35.56,NORMAL,0.6306027270913861,NO
DEV005,Chhatrapati Sambhajinagar,2026-08-01 02:13:00,2026-08-01 02:13:00,79.79,SENSOR_ANOMALY,6.433268729249214,YES
DEV002,Mumbai,2026-08-01 02:14:00,2026-08-01 02:14:00,28.61,NORMAL,-0.2811885619657452,NO
DEV002,Mumbai,2026-08-01 02:15:00,2026-08-01 02:15:00,30.48,NORMAL,-0.0358576683633228,NO
DEV002,Mumbai,2026-08-01 02:16:00,2026-08-01 02:16:00,27.39,NORMAL,-0.44124401126786017,NO
DEV002,Mumbai,2026-08-01 02:17:00,2026-08-01 02:25:00,34.29,LATE,0.46398762822770856,NO
DEV005,Chhatrapati Sambhajinagar,2026-08-01 02:18:00,2026-08-01 02:18:00,37.65,NORMAL,0.9047960787646812,NO
DEV005,Chhatrapati Sambhajinagar,2026-08-01 02:19:00,2026-08-01 02:19:00,35.19,NORMAL,0.582061320335826,NO
DEV002,Mumbai,2026-08-01 02:20:00,2026-08-01 02:20:00,35.38,NORMAL,0.6069879886697627,NO
DEV002,Mumbai,2026-08-01 02:21:00,2026-08-01 02:21:00,26.39,NORMAL,-0.572437002499102,NO
DEV001,Pune,2026-08-01 02:22:00,2026-08-01 02:30:00,28.19,LATE,-0.3362896182828666,NO
DEV003,Nashik,2026-08-01 02:23:00,2026-08-01 02:23:00,28.68,NORMAL,-0.27200505257955826,NO
DEV003,Nashik,2026-08-01 02:24:00,2026-08-01 02:24:00,30.27,NORMAL,-0.0634081965218837,NO
DEV005,Chhatrapati Sambhajinagar,2026-08-01 02:25:00,2026-08-01 02:28:00,27.03,LATE,-0.48847348811110713,NO
DEV002,Mumbai,2026-08-01 02:26:00,2026-08-01 02:26:00,27.52,NORMAL,-0.4241889224077988,NO
DEV002,Mumbai,2026-08-01 02:27:00,2026-08-01 02:27:00,25.84,NORMAL,-0.6445931476762852,NO
DEV003,Nashik,2026-08-01 02:28:00,2026-08-01 02:28:00,23.02,NORMAL,-1.0145573829483872,NO
DEV004,Nagpur,2026-08-01 02:29:00,2026-08-01 02:29:00,23.32,NORMAL,-0.9751994855790146,NO
DEV005,Chhatrapati Sambhajinagar,2026-08-01 02:30:00,2026-08-01 02:30:00,32.7,NORMAL,0.2553907721700345,NO
DEV004,Nagpur,2026-08-01 02:31:00,2026-08-01 02:31:00,34.08,NORMAL,0.43643710006914765,NO
DEV004,Nagpur,2026-08-01 02:32:00,2026-08-01 02:34:00,24.56,LATE,-0.8125201764522749,NO
DEV005,Chhatrapati Sambhajinagar,2026-08-01 02:33:00,2026-08-01 02:40:00,25.56,LATE,-0.681327185221033,NO
DEV001,Pune,2026-08-01 02:34:00,2026-08-01 02:34:00,24.07,NORMAL,-0.8768047421555832,NO
DEV004,Nagpur,2026-08-01 02:35:00,2026-08-01 02:35:00,25.86,NORMAL,-0.6419692878516604,NO
DEV004,Nagpur,2026-08-01 02:36:00,2026-08-01 02:36:00,27.49,NORMAL,-0.42812471214473624,NO
DEV001,Pune,2026-08-01 02:37:00,2026-08-01 02:37:00,32.51,NORMAL,0.2304641038360979,NO
DEV005,Chhatrapati Sambhajinagar,2026-08-01 02:38:00,2026-08-01 02:38:00,34.69,NORMAL,0.5164648247202052,NO
DEV003,Nashik,2026-08-01 02:39:00,2026-08-01 02:47:00,23.57,LATE,-0.9424012377712041,NO
DEV002,Mumbai,2026-08-01 02:40:00,2026-08-01 02:40:00,25.03,NORMAL,-0.7508594705735909,NO
DEV002,Mumbai,2026-08-01 02:41:00,2026-08-01 02:41:00,28.55,NORMAL,-0.28906014143961956,NO
DEV005,Chhatrapati Sambhajinagar,2026-08-01 02:42:00,2026-08-01 02:42:00,31.52,NORMAL,0.10058304251716864,NO
DEV003,Nashik,2026-08-01 02:43:00,2026-08-01 02:43:00,24.85,NORMAL,-0.7744742089952144,NO
DEV004,Nagpur,2026-08-01 02:44:00,2026-08-01 02:44:00,32.67,NORMAL,0.25145498243309705,NO
DEV004,Nagpur,2026-08-01 02:45:00,2026-08-01 02:48:00,32.04,LATE,0.16880339795741436,NO
DEV005,Chhatrapati Sambhajinagar,2026-08-01 02:46:00,2026-08-01 02:46:00,26.8,NORMAL,-0.5186478760942929,NO
DEV004,Nagpur,2026-08-01 02:47:00,2026-08-01 02:47:00,28.3,NORMAL,-0.32185838924743004,NO
DEV002,Mumbai,2026-08-01 02:48:00,2026-08-01 02:48:00,33.54,NORMAL,0.36559288480427715,NO
DEV001,Pune,2026-08-01 02:49:00,2026-08-01 02:49:00,29.95,NORMAL,-0.10538995371588114,NO
DEV001,Pune,2026-08-01 02:50:00,2026-08-01 02:50:00,27.65,NORMAL,-0.4071338335477375,NO
DEV001,Pune,2026-08-01 02:51:00,2026-08-01 02:51:00,28.91,NORMAL,-0.24183066459637256,NO
DEV004,Nagpur,2026-08-01 02:52:00,2026-08-01 02:52:00,33.68,NORMAL,0.3839599035766511,NO
DEV005,Chhatrapati Sambhajinagar,2026-08-01 02:53:00,2026-08-01 02:53:00,29.68,NORMAL,-0.1408120613483164,NO
DEV003,Nashik,2026-08-01 02:54:00,2026-08-01 02:54:00,28.56,NORMAL,-0.2877482115273074,NO
DEV001,Pune,2026-08-01 02:55:00,2026-08-01 02:55:00,25.73,NORMAL,-0.6590243767117216,NO
DEV004,Nagpur,2026-08-01 02:56:00,2026-08-01 02:56:00,26.49,NORMAL,-0.5593177033759781,NO
DEV004,Nagpur,2026-08-01 02:57:00,2026-08-01 03:02:00,35.57,LATE,0.6319146570036983,NO
DEV005,Chhatrapati Sambhajinagar,2026-08-01 02:58:00,2026-08-01 02:58:00,23.57,NORMAL,-0.9424012377712041,NO
DEV004,Nagpur,2026-08-01 02:59:00,2026-08-01 02:59:00,32.15,NORMAL,0.18323462699285087,NO
DEV001,Pune,2026-08-01 03:00:00,2026-08-01 03:00:00,29.13,NORMAL,-0.2129682065254995,NO
DEV001,Pune,2026-08-01 03:01:00,2026-08-01 03:01:00,30.58,NORMAL,-0.022738369240198886,NO
DEV004,Nagpur,2026-08-01 03:02:00,2026-08-01 03:02:00,27.37,NORMAL,-0.44386787109248493,NO
DEV004,Nagpur,2026-08-01 03:03:00,2026-08-01 03:03:00,26.4,NORMAL,-0.5711250725867899,NO
DEV005,Chhatrapati Sambhajinagar,2026-08-01 03:04:00,2026-08-01 03:04:00,24.11,NORMAL,-0.8715570225063336,NO
DEV003,Nashik,2026-08-01 03:05:00,2026-08-01 03:05:00,36.74,NORMAL,0.7854104567442515,NO
DEV003,Nashik,2026-08-01 03:06:00,2026-08-01 03:06:00,31.61,NORMAL,0.11239041172798038,NO
DEV004,Nagpur,2026-08-01 03:07:00,2026-08-01 03:07:00,28.4,NORMAL,-0.3087390901243061,NO
DEV004,Nagpur,2026-08-01 03:08:00,2026-08-01 03:08:00,32.82,NORMAL,0.27113393111778317,NO
DEV001,Pune,2026-08-01 03:09:00,2026-08-01 03:09:00,24.25,NORMAL,-0.8531900037339597,NO
DEV005,Chhatrapati Sambhajinagar,2026-08-01 03:10:00,2026-08-01 03:10:00,26.71,NORMAL,-0.5304552453051046,NO
DEV003,Nashik,2026-08-01 03:11:00,2026-08-01 03:11:00,26.01,NORMAL,-0.6222903391669738,NO
DEV001,Pune,2026-08-01 03:12:00,2026-08-01 03:12:00,30.16,NORMAL,-0.07783942555732024,NO
DEV003,Nashik,2026-08-01 03:13:00,2026-08-01 03:13:00,24.39,NORMAL,-0.8348229849615858,NO
DEV003,Nashik,2026-08-01 03:14:00,2026-08-01 03:14:00,35.99,NORMAL,0.6870157133208201,NO
DEV002,Mumbai,2026-08-01 03:15:00,2026-08-01 03:15:00,34.41,NORMAL,0.47973078717545725,NO
DEV004,Nagpur,2026-08-01 03:16:00,2026-08-01 03:16:00,30.94,NORMAL,0.024491107603048574,NO
DEV004,Nagpur,2026-08-01 03:17:00,2026-08-01 03:17:00,30.19,NORMAL,-0.07390363582038283,NO
DEV004,Nagpur,2026-08-01 03:18:00,2026-08-01 03:18:00,29.11,NORMAL,-0.2155920663501243,NO
DEV005,Chhatrapati Sambhajinagar,2026-08-01 03:19:00,2026-08-01 03:19:00,22.25,NORMAL,-1.1155759861964434,NO
DEV003,Nashik,2026-08-01 03:20:00,2026-08-01 03:20:00,35.36,NORMAL,0.6043641288451373,NO
DEV004,Nagpur,2026-08-01 03:21:00,2026-08-01 03:21:00,33.14,NORMAL,0.3131156883117806,NO
DEV002,Mumbai,2026-08-01 03:22:00,2026-08-01 03:22:00,31.4,NORMAL,0.08483988356941947,NO
DEV002,Mumbai,2026-08-01 03:23:00,2026-08-01 03:23:00,32.21,NORMAL,0.1911062064667257,NO
DEV001,Pune,2026-08-01 03:24:00,2026-08-01 03:24:00,25.06,NORMAL,-0.746923680836654,NO
DEV001,Pune,2026-08-01 03:25:00,2026-08-01 03:25:00,35.04,NORMAL,0.5623823716511399,NO
DEV003,Nashik,2026-08-01 03:26:00,2026-08-01 03:26:00,25.79,NORMAL,-0.6511527972378474,NO
DEV003,Nashik,2026-08-01 03:27:00,2026-08-01 03:27:00,27.36,NORMAL,-0.44517980100479754,NO
DEV002,Mumbai,2026-08-01 03:28:00,2026-08-01 03:28:00,33.1,NORMAL,0.307867968662531,NO
DEV003,Nashik,2026-08-01 03:29:00,2026-08-01 03:29:00,32.31,NORMAL,0.20422550558985006,NO
DEV005,Chhatrapati Sambhajinagar,2026-08-01 03:23:00,2026-08-01 03:30:00,35.13,BACKDATED,0.5741897408619522,NO
DEV005,Chhatrapati Sambhajinagar,2026-08-01 03:31:00,2026-08-01 03:31:00,28.36,NORMAL,-0.3139868097735557,NO
DEV003,Nashik,2026-08-01 03:32:00,2026-08-01 03:32:00,27.49,NORMAL,-0.42812471214473624,NO
DEV002,Mumbai,2026-08-01 03:33:00,2026-08-01 03:33:00,36.44,NORMAL,0.7460525593748784,NO
DEV001,Pune,2026-08-01 03:34:00,2026-08-01 03:34:00,34.31,NORMAL,0.4666114880523338,NO
DEV002,Mumbai,2026-08-01 03:35:00,2026-08-01 03:35:00,22.95,NORMAL,-1.023740892334574,NO
DEV004,Nagpur,2026-08-01 03:36:00,2026-08-01 03:36:00,34.6,NORMAL,0.5046574555093938,NO
DEV004,Nagpur,2026-08-01 03:37:00,2026-08-01 03:37:00,30.77,NORMAL,0.0021882990937372344,NO
DEV004,Nagpur,2026-08-01 03:38:00,2026-08-01 03:38:00,34.17,NORMAL,0.44824446927995987,NO
DEV002,Mumbai,2026-08-01 03:39:00,2026-08-01 03:39:00,34.14,NORMAL,0.44430867954302244,NO
DEV004,Nagpur,2026-08-01 03:40:00,2026-08-01 03:40:00,31.18,NORMAL,0.05597742549854642,NO
DEV001,Pune,2026-08-01 03:41:00,2026-08-01 03:41:00,37.85,NORMAL,0.9310346770109299,NO
DEV003,Nashik,2026-08-01 03:42:00,2026-08-01 03:42:00,34.57,NORMAL,0.5007216657724565,NO
DEV005,Chhatrapati Sambhajinagar,2026-08-01 03:43:00,2026-08-01 03:43:00,26.38,NORMAL,-0.5737489324114147,NO
DEV003,Nashik,2026-08-01 03:44:00,2026-08-01 03:44:00,32.17,NORMAL,0.18585848681747613,NO
DEV002,Mumbai,2026-08-01 03:45:00,2026-08-01 03:45:00,26.75,NORMAL,-0.525207525655855,NO
DEV003,Nashik,2026-08-01 03:46:00,2026-08-01 03:46:00,23.9,NORMAL,-0.8991075506648946,NO
DEV004,Nagpur,2026-08-01 03:47:00,2026-08-01 03:47:00,25.03,NORMAL,-0.7508594705735909,NO
DEV002,Mumbai,2026-08-01 03:48:00,2026-08-01 03:48:00,27.8,NORMAL,-0.38745488486305096,NO
DEV001,Pune,2026-08-01 03:49:00,2026-08-01 03:49:00,33.42,NORMAL,0.34984972585652846,NO
DEV004,Nagpur,2026-08-01 03:50:00,2026-08-01 03:50:00,26.6,NORMAL,-0.5448864743405412,NO
DEV001,Pune,2026-08-01 03:51:00,2026-08-01 03:51:00,37.41,NORMAL,0.8733097608691829,NO
DEV001,Pune,2026-08-01 03:52:00,2026-08-01 03:52:00,29.25,NORMAL,-0.19722504757775036,NO
DEV001,Pune,2026-08-01 03:53:00,2026-08-01 03:56:00,35.89,LATE,0.6738964141976957,NO
DEV005,Chhatrapati Sambhajinagar,2026-08-01 03:54:00,2026-08-01 03:54:00,29.41,NORMAL,-0.17623416898075164,NO
DEV005,Chhatrapati Sambhajinagar,2026-08-01 03:55:00,2026-08-01 04:03:00,35.88,LATE,0.6725844842853835,NO
DEV005,Chhatrapati Sambhajinagar,2026-08-01 03:56:00,2026-08-01 03:56:00,33.73,NORMAL,0.3905195531382128,NO
DEV004,Nagpur,2026-08-01 03:57:00,2026-08-01 03:57:00,26.69,NORMAL,-0.5330791051297293,NO
DEV002,Mumbai,2026-08-01 03:58:00,2026-08-01 03:58:00,32.08,NORMAL,0.17405111760666392,NO
DEV002,Mumbai,2026-08-01 03:59:00,2026-08-01 03:59:00,25.39,NORMAL,-0.7036299937303439,NO
DEV005,Chhatrapati Sambhajinagar,2026-08-01 04:00:00,2026-08-01 04:00:00,28.12,NORMAL,-0.3454731276690535,NO
DEV004,Nagpur,2026-08-01 04:01:00,2026-08-01 04:01:00,23.18,NORMAL,-0.9935665043513885,NO
DEV003,Nashik,2026-08-01 04:02:00,2026-08-01 04:04:00,37.43,LATE,0.8759336206938081,NO
DEV005,Chhatrapati Sambhajinagar,2026-08-01 04:03:00,2026-08-01 04:03:00,32.66,NORMAL,0.25014305252078395,NO
DEV002,Mumbai,2026-08-01 04:04:00,2026-08-01 04:04:00,36.43,NORMAL,0.7447406294625663,NO
DEV003,Nashik,2026-08-01 04:05:00,2026-08-01 04:05:00,33.17,NORMAL,0.31705147804871797,NO
DEV004,Nagpur,2026-08-01 04:06:00,2026-08-01 04:06:00,33.87,NORMAL,0.40888657191058675,NO
DEV005,Chhatrapati Sambhajinagar,2026-08-01 04:07:00,2026-08-01 04:07:00,22.47,NORMAL,-1.0867135281255704,NO
DEV001,Pune,2026-08-01 04:08:00,2026-08-01 04:08:00,29.37,NORMAL,-0.1814818886300012,NO
DEV005,Chhatrapati Sambhajinagar,2026-08-01 04:09:00,2026-08-01 04:09:00,22.93,NORMAL,-1.026364752159199,NO
DEV002,Mumbai,2026-08-01 04:10:00,2026-08-01 04:17:00,34.8,LATE,0.5308960537556416,NO
DEV001,Pune,2026-08-01 04:11:00,2026-08-01 04:11:00,37.69,NORMAL,0.9100437984139307,NO
DEV002,Mumbai,2026-08-01 04:12:00,2026-08-01 04:12:00,24.02,NORMAL,-0.8833643917171454,NO
DEV001,Pune,2026-08-01 04:13:00,2026-08-01 04:13:00,34.33,NORMAL,0.46923534787695814,NO
DEV001,Pune,2026-08-01 04:14:00,2026-08-01 04:14:00,24.24,NORMAL,-0.8545019336462724,NO
DEV003,Nashik,2026-08-01 04:15:00,2026-08-01 04:15:00,24.23,NORMAL,-0.8558138635585845,NO
DEV003,Nashik,2026-08-01 04:16:00,2026-08-01 04:16:00,27.27,NORMAL,-0.4569871702156093,NO
DEV002,Mumbai,2026-08-01 04:17:00,2026-08-01 04:17:00,34.88,NORMAL,0.5413914930541417,NO
DEV005,Chhatrapati Sambhajinagar,2026-08-01 04:18:00,2026-08-01 04:18:00,27.02,NORMAL,-0.4897854180234198,NO
DEV001,Pune,2026-08-01 04:19:00,2026-08-01 04:19:00,34.12,NORMAL,0.44168481971839724,NO
DEV001,Pune,2026-08-01 04:20:00,2026-08-01 04:20:00,93.46,SENSOR_ANOMALY,8.226676919380289,YES
DEV002,Mumbai,2026-08-01 04:21:00,2026-08-01 04:21:00,29.18,NORMAL,-0.2064085569639373,NO
DEV003,Nashik,2026-08-01 04:22:00,2026-08-01 04:22:00,24.37,NORMAL,-0.8374468447862106,NO
DEV003,Nashik,2026-08-01 04:23:00,2026-08-01 04:23:00,28.11,NORMAL,-0.34678505758136613,NO
DEV005,Chhatrapati Sambhajinagar,2026-08-01 04:24:00,2026-08-01 04:24:00,26.28,NORMAL,-0.5868682315345386,NO
DEV004,Nagpur,2026-08-01 04:25:00,2026-08-01 04:25:00,34.95,NORMAL,0.5505750024403286,NO
DEV001,Pune,2026-08-01 04:26:00,2026-08-01 04:26:00,23.01,NORMAL,-1.0158693128606995,NO
DEV003,Nashik,2026-08-01 04:27:00,2026-08-01 04:27:00,29.44,NORMAL,-0.17229837924381422,NO
DEV005,Chhatrapati Sambhajinagar,2026-08-01 04:28:00,2026-08-01 04:28:00,25.95,NORMAL,-0.6301619186408486,NO
DEV001,Pune,2026-08-01 04:29:00,2026-08-01 04:29:00,23.42,NORMAL,-0.9620801864558902,NO
DEV004,Nagpur,2026-08-01 04:30:00,2026-08-01 04:30:00,32.47,NORMAL,0.2252163841868483,NO
DEV003,Nashik,2026-08-01 04:31:00,2026-08-01 04:31:00,22.34,NORMAL,-1.1037686169856318,NO
DEV004,Nagpur,2026-08-01 04:32:00,2026-08-01 04:32:00,31.52,NORMAL,0.10058304251716864,NO
DEV003,Nashik,2026-08-01 04:33:00,2026-08-01 04:33:00,32.23,NORMAL,0.19373006629135,NO
DEV005,Chhatrapati Sambhajinagar,2026-08-01 04:34:00,2026-08-01 04:34:00,29.37,NORMAL,-0.1814818886300012,NO
DEV002,Mumbai,2026-08-01 04:35:00,2026-08-01 04:35:00,35.6,NORMAL,0.6358504467406357,NO
DEV002,Mumbai,2026-08-01 04:36:00,2026-08-01 04:36:00,30.14,NORMAL,-0.08046328538194501,NO
DEV002,Mumbai,2026-08-01 04:37:00,2026-08-01 04:37:00,32.89,NORMAL,0.2803174405039701,NO
DEV005,Chhatrapati Sambhajinagar,2026-08-01 04:38:00,2026-08-01 04:38:00,32.55,NORMAL,0.23571182348534744,NO
DEV003,Nashik,2026-08-01 04:39:00,2026-08-01 04:39:00,25.11,NORMAL,-0.7403640312750918,NO
DEV002,Mumbai,2026-08-01 04:40:00,2026-08-01 04:40:00,23.81,NORMAL,-0.9109149198757063,NO
DEV002,Mumbai,2026-08-01 04:41:00,2026-08-01 04:41:00,33.13,NORMAL,0.31180375839946844,NO
DEV004,Nagpur,2026-08-01 04:42:00,2026-08-01 04:42:00,37.38,NORMAL,0.8693739711322463,NO
DEV005,Chhatrapati Sambhajinagar,2026-08-01 04:43:00,2026-08-01 04:43:00,22.68,NORMAL,-1.0591629999670094,NO
DEV005,Chhatrapati Sambhajinagar,2026-08-01 04:44:00,2026-08-01 04:44:00,23.8,NORMAL,-0.9122268497880184,NO
DEV001,Pune,2026-08-01 04:45:00,2026-08-01 04:53:00,34.35,LATE,0.47185920770158335,NO
DEV002,Mumbai,2026-08-01 04:46:00,2026-08-01 04:46:00,35.53,NORMAL,0.6266669373544488,NO
DEV003,Nashik,2026-08-01 04:47:00,2026-08-01 04:47:00,24.53,NORMAL,-0.8164559661892118,NO
DEV002,Mumbai,2026-08-01 04:48:00,2026-08-01 04:48:00,25.31,NORMAL,-0.7141254330288435,NO
DEV004,Nagpur,2026-08-01 04:49:00,2026-08-01 04:52:00,35.15,LATE,0.5768136006865765,NO
DEV004,Nagpur,2026-08-01 04:50:00,2026-08-01 04:50:00,35.05,NORMAL,0.5636943015634521,NO
DEV004,Nagpur,2026-08-01 04:51:00,2026-08-01 04:51:00,34.69,NORMAL,0.5164648247202052,NO
DEV002,Mumbai,2026-08-01 04:52:00,2026-08-01 04:52:00,37.85,NORMAL,0.9310346770109299,NO
DEV001,Pune,2026-08-01 04:53:00,2026-08-01 04:53:00,26.8,NORMAL,-0.5186478760942929,NO
DEV002,Mumbai,2026-08-01 04:54:00,2026-08-01 04:54:00,23.13,NORMAL,-1.0001261539129507,NO
DEV003,Nashik,2026-08-01 04:55:00,2026-08-01 04:55:00,23.09,NORMAL,-1.0053738735622002,NO
DEV001,Pune,2026-08-01 04:56:00,2026-08-01 04:56:00,37.53,NORMAL,0.8890529198169325,NO
DEV001,Pune,2026-08-01 04:57:00,2026-08-01 04:57:00,24.99,NORMAL,-0.7561071902228409,NO
DEV002,Mumbai,2026-08-01 04:58:00,2026-08-01 04:58:00,33.93,NORMAL,0.41675815138446154,NO
DEV003,Nashik,2026-08-01 04:59:00,2026-08-01 04:59:00,34.82,NORMAL,0.5335199135802668,NO
DEV001,Pune,2026-08-01 05:00:00,2026-08-01 05:09:00,32.75,LATE,0.26195042173159616,NO
DEV003,Nashik,2026-08-01 05:01:00,2026-08-01 05:01:00,32.63,NORMAL,0.2462072627838475,NO
DEV004,Nagpur,2026-08-01 05:02:00,2026-08-01 05:02:00,35.93,NORMAL,0.6791441338469453,NO
DEV002,Mumbai,2026-08-01 05:03:00,2026-08-01 05:03:00,23.51,NORMAL,-0.9502728172450785,NO
DEV004,Nagpur,2026-08-01 05:04:00,2026-08-01 05:04:00,80.75,SENSOR_ANOMALY,6.559214000831205,YES
DEV002,Mumbai,2026-08-01 05:05:00,2026-08-01 05:05:00,37.79,NORMAL,0.923163097537055,NO
DEV001,Pune,2026-08-01 05:06:00,2026-08-01 05:06:00,33.32,NORMAL,0.3367304267334041,NO
DEV004,Nagpur,2026-08-01 05:07:00,2026-08-01 05:07:00,37.09,NORMAL,0.8313280036751863,NO
DEV005,Chhatrapati Sambhajinagar,2026-08-01 05:08:00,2026-08-01 05:08:00,23.35,NORMAL,-0.9712636958420772,NO
DEV003,Nashik,2026-08-01 05:09:00,2026-08-01 05:09:00,35.02,NORMAL,0.5597585118265156,NO
DEV004,Nagpur,2026-08-01 05:10:00,2026-08-01 05:10:00,24.24,NORMAL,-0.8545019336462724,NO
DEV004,Nagpur,2026-08-01 05:11:00,2026-08-01 05:11:00,28.5,NORMAL,-0.29561979100118174,NO
DEV005,Chhatrapati Sambhajinagar,2026-08-01 05:12:00,2026-08-01 05:12:00,30.61,NORMAL,-0.018802579503261484,NO
DEV005,Chhatrapati Sambhajinagar,2026-08-01 05:13:00,2026-08-01 05:13:00,29.74,NORMAL,-0.13294048187444205,NO
DEV002,Mumbai,2026-08-01 05:04:00,2026-08-01 05:14:00,33.06,BACKDATED,0.30262024901328144,NO
DEV005,Chhatrapati Sambhajinagar,2026-08-01 05:15:00,2026-08-01 05:15:00,28.8,NORMAL,-0.25626189363180907,NO
DEV005,Chhatrapati Sambhajinagar,2026-08-01 05:16:00,2026-08-01 05:16:00,32.53,NORMAL,0.23308796366072312,NO
DEV002,Mumbai,2026-08-01 05:17:00,2026-08-01 05:17:00,35.58,NORMAL,0.6332265869160104,NO
DEV001,Pune,2026-08-01 05:18:00,2026-08-01 05:18:00,26.17,NORMAL,-0.6012994605699751,NO
DEV005,Chhatrapati Sambhajinagar,2026-08-01 05:19:00,2026-08-01 05:19:00,26.04,NORMAL,-0.6183545494300369,NO
DEV005,Chhatrapati Sambhajinagar,2026-08-01 05:20:00,2026-08-01 05:20:00,28.13,NORMAL,-0.34416119775674137,NO
DEV004,Nagpur,2026-08-01 05:21:00,2026-08-01 05:21:00,28.89,NORMAL,-0.24445452442099735,NO
DEV001,Pune,2026-08-01 05:22:00,2026-08-01 05:22:00,36.71,NORMAL,0.781474667007314,NO
DEV002,Mumbai,2026-08-01 05:23:00,2026-08-01 05:23:00,34.89,NORMAL,0.5427034229664539,NO
DEV003,Nashik,2026-08-01 05:24:00,2026-08-01 05:24:00,25.81,NORMAL,-0.6485289374132226,NO
DEV001,Pune,2026-08-01 05:25:00,2026-08-01 05:25:00,33.55,NORMAL,0.3669048147165893,NO
DEV002,Mumbai,2026-08-01 05:26:00,2026-08-01 05:26:00,33.14,NORMAL,0.3131156883117806,NO
DEV002,Mumbai,2026-08-01 05:27:00,2026-08-01 05:33:00,34.72,LATE,0.5204006144571425,NO
DEV001,Pune,2026-08-01 05:28:00,2026-08-01 05:28:00,34.08,NORMAL,0.43643710006914765,NO
DEV003,Nashik,2026-08-01 05:29:00,2026-08-01 05:29:00,36.18,NORMAL,0.7119423816547558,NO
DEV004,Nagpur,2026-08-01 05:30:00,2026-08-01 05:34:00,32.65,LATE,0.24883112260847182,NO
DEV002,Mumbai,2026-08-01 05:31:00,2026-08-01 05:31:00,28.29,NORMAL,-0.32317031915974265,NO
DEV001,Pune,2026-08-01 05:32:00,2026-08-01 05:32:00,28.36,NORMAL,-0.3139868097735557,NO
DEV003,Nashik,2026-08-01 05:33:00,2026-08-01 05:33:00,29.52,NORMAL,-0.1618029399453151,NO
DEV004,Nagpur,2026-08-01 05:34:00,2026-08-01 05:34:00,24.42,NORMAL,-0.8308871952246484,NO
DEV005,Chhatrapati Sambhajinagar,2026-08-01 05:35:00,2026-08-01 05:35:00,30.46,NORMAL,-0.038481528187947575,NO
DEV004,Nagpur,2026-08-01 05:36:00,2026-08-01 05:42:00,33.5,LATE,0.36034516515502757,NO
DEV004,Nagpur,2026-08-01 05:37:00,2026-08-01 05:37:00,31.72,NORMAL,0.12682164076341693,NO
DEV005,Chhatrapati Sambhajinagar,2026-08-01 05:38:00,2026-08-01 05:38:00,31.01,NORMAL,0.033674616989235545,NO
DEV001,Pune,2026-08-01 05:39:00,2026-08-01 05:39:00,22.67,NORMAL,-1.0604749298793217,NO
DEV004,Nagpur,2026-08-01 05:40:00,2026-08-01 05:40:00,26.9,NORMAL,-0.5055285769711689,NO
DEV002,Mumbai,2026-08-01 05:41:00,2026-08-01 05:41:00,27.42,NORMAL,-0.43730822153092275,NO
DEV004,Nagpur,2026-08-01 05:42:00,2026-08-01 05:42:00,30.56,NORMAL,-0.02536222906482367,NO
DEV005,Chhatrapati Sambhajinagar,2026-08-01 05:43:00,2026-08-01 05:43:00,24.53,NORMAL,-0.8164559661892118,NO
DEV004,Nagpur,2026-08-01 05:44:00,2026-08-01 05:44:00,30.56,NORMAL,-0.02536222906482367,NO
DEV002,Mumbai,2026-08-01 05:45:00,2026-08-01 05:45:00,32.75,NORMAL,0.26195042173159616,NO
DEV002,Mumbai,2026-08-01 05:46:00,2026-08-01 05:46:00,28.15,NORMAL,-0.3415373379321166,NO
DEV003,Nashik,2026-08-01 05:47:00,2026-08-01 05:47:00,23.53,NORMAL,-0.9476489574204536,NO
DEV001,Pune,2026-08-01 05:48:00,2026-08-01 05:48:00,96.26,SENSOR_ANOMALY,8.594017294827767,YES
DEV001,Pune,2026-08-01 05:49:00,2026-08-01 05:49:00,35.94,NORMAL,0.6804560637592575,NO
DEV004,Nagpur,2026-08-01 05:50:00,2026-08-01 05:50:00,31.89,NORMAL,0.14912444927272825,NO
DEV002,Mumbai,2026-08-01 05:51:00,2026-08-01 05:51:00,23.66,NORMAL,-0.9305938685603924,NO
DEV005,Chhatrapati Sambhajinagar,2026-08-01 05:52:00,2026-08-01 05:52:00,37.49,NORMAL,0.8838052001676829,NO
DEV003,Nashik,2026-08-01 05:53:00,2026-08-01 05:53:00,37.25,NORMAL,0.8523188822721846,NO
DEV004,Nagpur,2026-08-01 05:54:00,2026-08-01 05:54:00,35.58,NORMAL,0.6332265869160104,NO
DEV001,Pune,2026-08-01 05:27:00,2026-08-01 05:55:00,37.97,BACKDATED,0.9467778359586786,NO
DEV003,Nashik,2026-08-01 05:56:00,2026-08-01 05:56:00,33.19,NORMAL,0.3196753378733423,NO
DEV003,Nashik,2026-08-01 05:57:00,2026-08-01 05:57:00,37.38,NORMAL,0.8693739711322463,NO
DEV002,Mumbai,2026-08-01 05:58:00,2026-08-01 05:58:00,32.39,NORMAL,0.2147209448883492,NO
DEV001,Pune,2026-08-01 05:59:00,2026-08-01 05:59:00,27.3,NORMAL,-0.4530513804786719,NO
DEV005,Chhatrapati Sambhajinagar,2026-08-01 06:00:00,2026-08-01 06:00:00,30.02,NORMAL,-0.09620644432969416,NO
DEV004,Nagpur,2026-08-01 06:01:00,2026-08-01 06:01:00,32.82,NORMAL,0.27113393111778317,NO
DEV005,Chhatrapati Sambhajinagar,2026-08-01 06:02:00,2026-08-01 06:02:00,27.1,NORMAL,-0.4792899787249202,NO
DEV001,Pune,2026-08-01 06:03:00,2026-08-01 06:05:00,31.59,LATE,0.1097665519033556,NO
DEV001,Pune,2026-08-01 06:04:00,2026-08-01 06:04:00,31.43,NORMAL,0.08877567330635688,NO
DEV005,Chhatrapati Sambhajinagar,2026-08-01 06:05:00,2026-08-01 06:05:00,25.64,NORMAL,-0.6708317459225334,NO
DEV004,Nagpur,2026-08-01 06:06:00,2026-08-01 06:06:00,32.08,NORMAL,0.17405111760666392,NO
DEV003,Nashik,2026-08-01 06:07:00,2026-08-01 06:07:00,37.16,NORMAL,0.8405115130613724,NO
DEV001,Pune,2026-08-01 06:01:00,2026-08-01 06:08:00,35.53,BACKDATED,0.6266669373544488,NO
DEV005,Chhatrapati Sambhajinagar,2026-08-01 06:09:00,2026-08-01 06:09:00,27.84,NORMAL,-0.3822071652138014,NO
DEV004,Nagpur,2026-08-01 06:10:00,2026-08-01 06:10:00,34.95,NORMAL,0.5505750024403286,NO
DEV003,Nashik,2026-08-01 06:11:00,2026-08-01 06:11:00,22.7,NORMAL,-1.0565391401423847,NO
DEV002,Mumbai,2026-08-01 06:12:00,2026-08-01 06:12:00,32.99,NORMAL,0.2934367396270945,NO
DEV005,Chhatrapati Sambhajinagar,2026-08-01 06:13:00,2026-08-01 06:13:00,36.61,NORMAL,0.7683553678841897,NO
DEV003,Nashik,2026-08-01 06:14:00,2026-08-01 06:14:00,33.48,NORMAL,0.35772130533040236,NO
DEV005,Chhatrapati Sambhajinagar,2026-08-01 06:15:00,2026-08-01 06:15:00,36.62,NORMAL,0.7696672977965019,NO
DEV004,Nagpur,2026-08-01 06:16:00,2026-08-01 06:16:00,34.35,NORMAL,0.47185920770158335,NO
DEV005,Chhatrapati Sambhajinagar,2026-08-01 06:17:00,2026-08-01 06:17:00,26.34,NORMAL,-0.5789966520606642,NO
DEV004,Nagpur,2026-08-01 06:18:00,2026-08-01 06:18:00,30.75,NORMAL,-0.00043556073088754687,NO
DEV001,Pune,2026-08-01 06:19:00,2026-08-01 06:19:00,33.7,NORMAL,0.3865837634012763,NO
DEV002,Mumbai,2026-08-01 06:20:00,2026-08-01 06:20:00,28.4,NORMAL,-0.3087390901243061,NO
DEV001,Pune,2026-08-01 06:21:00,2026-08-01 06:21:00,24.6,NORMAL,-0.8072724568030248,NO
DEV001,Pune,2026-08-01 06:22:00,2026-08-01 06:22:00,30.62,NORMAL,-0.01749064959094886,NO
DEV001,Pune,2026-08-01 06:23:00,2026-08-01 06:23:00,32.72,NORMAL,0.2580146319946588,NO
DEV005,Chhatrapati Sambhajinagar,2026-08-01 06:24:00,2026-08-01 06:24:00,25.86,NORMAL,-0.6419692878516604,NO
DEV002,Mumbai,2026-08-01 06:25:00,2026-08-01 06:25:00,37.05,NORMAL,0.8260802840259358,NO
DEV002,Mumbai,2026-08-01 06:26:00,2026-08-01 06:26:00,32.85,NORMAL,0.27506972085472053,NO
DEV001,Pune,2026-08-01 06:27:00,2026-08-01 06:27:00,22.84,NORMAL,-1.0381721213700108,NO
DEV005,Chhatrapati Sambhajinagar,2026-08-01 06:28:00,2026-08-01 06:28:00,37.75,NORMAL,0.9179153778878055,NO
DEV002,Mumbai,2026-08-01 06:29:00,2026-08-01 06:29:00,23.9,NORMAL,-0.8991075506648946,NO
DEV005,Chhatrapati Sambhajinagar,2026-08-01 06:30:00,2026-08-01 06:30:00,36.26,NORMAL,0.7224378209532549,NO
DEV005,Chhatrapati Sambhajinagar,2026-08-01 06:31:00,2026-08-01 06:31:00,34.95,NORMAL,0.5505750024403286,NO
DEV002,Mumbai,2026-08-01 06:32:00,2026-08-01 06:32:00,36.6,NORMAL,0.7670434379718776,NO
DEV005,Chhatrapati Sambhajinagar,2026-08-01 06:33:00,2026-08-01 06:33:00,22.11,NORMAL,-1.1339430049688173,NO
DEV001,Pune,2026-08-01 06:34:00,2026-08-01 06:34:00,26.6,NORMAL,-0.5448864743405412,NO
DEV004,Nagpur,2026-08-01 06:35:00,2026-08-01 06:35:00,30.17,NORMAL,-0.0765274956450076,NO
DEV004,Nagpur,2026-08-01 06:36:00,2026-08-01 06:36:00,34.93,NORMAL,0.5479511426157034,NO
DEV003,Nashik,2026-08-01 06:37:00,2026-08-01 06:37:00,29.27,NORMAL,-0.19460118775312557,NO
DEV002,Mumbai,2026-08-01 06:38:00,2026-08-01 06:38:00,23.16,NORMAL,-0.9961903641760133,NO
DEV004,Nagpur,2026-08-01 06:39:00,2026-08-01 06:39:00,29.63,NORMAL,-0.14737171090987858,NO
DEV003,Nashik,2026-08-01 06:40:00,2026-08-01 06:40:00,35.36,NORMAL,0.6043641288451373,NO
DEV003,Nashik,2026-08-01 06:41:00,2026-08-01 06:41:00,35.14,NORMAL,0.5755016707742643,NO
DEV005,Chhatrapati Sambhajinagar,2026-08-01 06:42:00,2026-08-01 06:42:00,24.93,NORMAL,-0.7639787696967153,NO
DEV004,Nagpur,2026-08-01 06:43:00,2026-08-01 06:43:00,22.45,NORMAL,-1.089337387950195,NO
DEV004,Nagpur,2026-08-01 06:44:00,2026-08-01 06:44:00,25.49,NORMAL,-0.6905106946072199,NO
DEV002,Mumbai,2026-08-01 06:45:00,2026-08-01 06:45:00,34.52,NORMAL,0.49416201621089473,NO
DEV002,Mumbai,2026-08-01 06:46:00,2026-08-01 06:46:00,36.84,NORMAL,0.7985297558673758,NO
DEV004,Nagpur,2026-08-01 06:47:00,2026-08-01 06:47:00,26.38,NORMAL,-0.5737489324114147,NO
DEV002,Mumbai,2026-08-01 06:48:00,2026-08-01 06:48:00,37.41,NORMAL,0.8733097608691829,NO
DEV005,Chhatrapati Sambhajinagar,2026-08-01 06:49:00,2026-08-01 06:49:00,25.35,NORMAL,-0.7088777133795935,NO
DEV005,Chhatrapati Sambhajinagar,2026-08-01 06:50:00,2026-08-01 06:50:00,36.57,NORMAL,0.7631076482349402,NO
DEV004,Nagpur,2026-08-01 06:51:00,2026-08-01 06:51:00,37.39,NORMAL,0.8706859010445586,NO
DEV003,Nashik,2026-08-01 06:52:00,2026-08-01 06:52:00,24.69,NORMAL,-0.7954650875922131,NO
DEV001,Pune,2026-08-01 06:53:00,2026-08-01 06:53:00,37.11,NORMAL,0.8339518634998107,NO
DEV004,Nagpur,2026-08-01 06:54:00,2026-08-01 06:54:00,26.28,NORMAL,-0.5868682315345386,NO
DEV001,Pune,2026-08-01 06:55:00,2026-08-01 06:55:00,29.27,NORMAL,-0.19460118775312557,NO
DEV002,Mumbai,2026-08-01 06:56:00,2026-08-01 07:01:00,33.41,LATE,0.34853779594421536,NO
DEV002,Mumbai,2026-08-01 06:57:00,2026-08-01 06:57:00,26.04,NORMAL,-0.6183545494300369,NO
DEV001,Pune,2026-08-01 06:58:00,2026-08-01 06:58:00,30.14,NORMAL,-0.08046328538194501,NO
DEV005,Chhatrapati Sambhajinagar,2026-08-01 06:59:00,2026-08-01 06:59:00,25.63,NORMAL,-0.672143675834846,NO
DEV005,Chhatrapati Sambhajinagar,2026-08-01 07:00:00,2026-08-01 07:00:00,37.06,NORMAL,0.8273922139382489,NO
DEV001,Pune,2026-08-01 07:01:00,2026-08-01 07:01:00,30.8,NORMAL,0.00612408883067464,NO
DEV004,Nagpur,2026-08-01 07:02:00,2026-08-01 07:02:00,29.05,NORMAL,-0.22346364582399864,NO
DEV003,Nashik,2026-08-01 07:03:00,2026-08-01 07:03:00,22.55,NORMAL,-1.0762180888270707,NO
DEV001,Pune,2026-08-01 07:04:00,2026-08-01 07:04:00,24.26,NORMAL,-0.851878073821647,NO
DEV001,Pune,2026-08-01 07:05:00,2026-08-01 07:05:00,70.32,SENSOR_ANOMALY,5.190871102289352,YES
DEV005,Chhatrapati Sambhajinagar,2026-08-01 07:06:00,2026-08-01 07:06:00,23.97,NORMAL,-0.8899240412787076,NO
DEV002,Mumbai,2026-08-01 07:07:00,2026-08-01 07:07:00,36.12,NORMAL,0.7040708021808809,NO
DEV003,Nashik,2026-08-01 07:08:00,2026-08-01 07:08:00,23.69,NORMAL,-0.926658078823455,NO
DEV003,Nashik,2026-08-01 07:09:00,2026-08-01 07:09:00,26.33,NORMAL,-0.5803085819729769,NO
DEV001,Pune,2026-08-01 07:10:00,2026-08-01 07:10:00,30.77,NORMAL,0.0021882990937372344,NO
DEV003,Nashik,2026-08-01 07:11:00,2026-08-01 07:11:00,27.14,NORMAL,-0.4740422590756706,NO
DEV002,Mumbai,2026-08-01 06:58:00,2026-08-01 07:12:00,32.93,BACKDATED,0.2855651601532197,NO
DEV001,Pune,2026-08-01 07:13:00,2026-08-01 07:13:00,32.91,NORMAL,0.28294130032859444,NO
DEV003,Nashik,2026-08-01 07:14:00,2026-08-01 07:14:00,24.01,NORMAL,-0.8846763216294575,NO
DEV002,Mumbai,2026-08-01 07:15:00,2026-08-01 07:15:00,37.56,NORMAL,0.8929887095538699,NO
DEV004,Nagpur,2026-08-01 07:16:00,2026-08-01 07:16:00,25.25,NORMAL,-0.7219970125027179,NO
DEV001,Pune,2026-08-01 07:17:00,2026-08-01 07:17:00,36.77,NORMAL,0.7893462464811889,NO
DEV002,Mumbai,2026-08-01 07:18:00,2026-08-01 07:18:00,37.2,NORMAL,0.8457592327106229,NO
DEV002,Mumbai,2026-08-01 07:19:00,2026-08-01 07:19:00,24.86,NORMAL,-0.7731622790829022,NO
DEV001,Pune,2026-08-01 07:20:00,2026-08-01 07:20:00,27.44,NORMAL,-0.434684361706298,NO
DEV001,Pune,2026-08-01 07:21:00,2026-08-01 07:21:00,28.04,NORMAL,-0.35596856696755313,NO
DEV003,Nashik,2026-08-01 07:22:00,2026-08-01 07:22:00,25.2,NORMAL,-0.72855666206428,NO
DEV004,Nagpur,2026-08-01 07:23:00,2026-08-01 07:23:00,36.35,NORMAL,0.7342451901640671,NO
DEV005,Chhatrapati Sambhajinagar,2026-08-01 07:24:00,2026-08-01 07:24:00,36.15,NORMAL,0.7080065919178183,NO
DEV005,Chhatrapati Sambhajinagar,2026-08-01 07:25:00,2026-08-01 07:25:00,37.16,NORMAL,0.8405115130613724,NO
DEV003,Nashik,2026-08-01 07:26:00,2026-08-01 07:26:00,28.45,NORMAL,-0.30217944056274393,NO
DEV005,Chhatrapati Sambhajinagar,2026-08-01 07:27:00,2026-08-01 07:27:00,27.73,NORMAL,-0.3966383942492379,NO
DEV005,Chhatrapati Sambhajinagar,2026-08-01 07:28:00,2026-08-01 07:28:00,37.19,NORMAL,0.8444473027983098,NO
DEV004,Nagpur,2026-08-01 07:29:00,2026-08-01 07:29:00,23.76,NORMAL,-0.917474569437268,NO
DEV001,Pune,2026-08-01 07:30:00,2026-08-01 07:30:00,33.78,NORMAL,0.3970792026997755,NO
DEV004,Nagpur,2026-08-01 07:31:00,2026-08-01 07:31:00,35.57,NORMAL,0.6319146570036983,NO
DEV003,Nashik,2026-08-01 07:32:00,2026-08-01 07:32:00,32.97,NORMAL,0.2908128798024692,NO
DEV001,Pune,2026-08-01 07:33:00,2026-08-01 07:33:00,37.81,NORMAL,0.9257869573616804,NO
DEV002,Mumbai,2026-08-01 07:34:00,2026-08-01 07:34:00,28.03,NORMAL,-0.3572804968798653,NO
DEV004,Nagpur,2026-08-01 07:35:00,2026-08-01 07:35:00,37.83,NORMAL,0.9284108171863047,NO
DEV002,Mumbai,2026-08-01 07:36:00,2026-08-01 07:36:00,28.55,NORMAL,-0.28906014143961956,NO
DEV003,Nashik,2026-08-01 07:37:00,2026-08-01 07:37:00,26.8,NORMAL,-0.5186478760942929,NO
DEV002,Mumbai,2026-08-01 07:38:00,2026-08-01 07:38:00,30.2,NORMAL,-0.07259170590807067,NO
DEV003,Nashik,2026-08-01 07:39:00,2026-08-01 07:39:00,22.55,NORMAL,-1.0762180888270707,NO
DEV005,Chhatrapati Sambhajinagar,2026-08-01 07:40:00,2026-08-01 07:40:00,27.83,NORMAL,-0.38351909512611404,NO
DEV002,Mumbai,2026-08-01 07:41:00,2026-08-01 07:41:00,32.75,NORMAL,0.26195042173159616,NO
DEV002,Mumbai,2026-08-01 07:42:00,2026-08-01 07:42:00,31.69,NORMAL,0.12288585102647998,NO
DEV005,Chhatrapati Sambhajinagar,2026-08-01 07:43:00,2026-08-01 07:43:00,26.57,NORMAL,-0.5488222640774785,NO
DEV004,Nagpur,2026-08-01 07:44:00,2026-08-01 07:44:00,22.04,NORMAL,-1.1431265143550042,NO
DEV003,Nashik,2026-08-01 07:45:00,2026-08-01 07:45:00,37.48,NORMAL,0.8824932702553698,NO
DEV003,Nashik,2026-08-01 07:46:00,2026-08-01 07:46:00,24.18,NORMAL,-0.8623735131201467,NO
DEV003,Nashik,2026-08-01 07:47:00,2026-08-01 07:47:00,34.57,NORMAL,0.5007216657724565,NO
DEV004,Nagpur,2026-08-01 07:48:00,2026-08-01 07:48:00,23.72,NORMAL,-0.922722289086518,NO
DEV001,Pune,2026-08-01 07:49:00,2026-08-01 07:49:00,23.96,NORMAL,-0.8912359711910197,NO
DEV003,Nashik,2026-08-01 07:50:00,2026-08-01 07:59:00,23.08,LATE,-1.006685803474513,NO
DEV003,Nashik,2026-08-01 07:51:00,2026-08-01 07:51:00,30.91,NORMAL,0.02055531786611117,NO
DEV001,Pune,2026-08-01 07:52:00,2026-08-01 07:52:00,22.78,NORMAL,-1.046043700843885,NO
DEV005,Chhatrapati Sambhajinagar,2026-08-01 07:53:00,2026-08-01 07:53:00,31.4,NORMAL,0.08483988356941947,NO
DEV003,Nashik,2026-08-01 07:54:00,2026-08-01 07:54:00,32.39,NORMAL,0.2147209448883492,NO
DEV004,Nagpur,2026-08-01 07:55:00,2026-08-01 07:55:00,23.67,NORMAL,-0.9292819386480797,NO
DEV003,Nashik,2026-08-01 07:56:00,2026-08-01 07:56:00,28.04,NORMAL,-0.35596856696755313,NO
DEV003,Nashik,2026-08-01 07:48:00,2026-08-01 07:57:00,32.42,BACKDATED,0.2186567346252866,NO
DEV005,Chhatrapati Sambhajinagar,2026-08-01 07:58:00,2026-08-01 07:58:00,24.83,NORMAL,-0.7770980688198397,NO
DEV001,Pune,2026-08-01 07:59:00,2026-08-01 07:59:00,32.49,NORMAL,0.22784024401147357,NO
DEV003,Nashik,2026-08-01 08:00:00,2026-08-01 08:00:00,26.73,NORMAL,-0.5278313854804798,NO
DEV005,Chhatrapati Sambhajinagar,2026-08-01 08:01:00,2026-08-01 08:01:00,33.73,NORMAL,0.3905195531382128,NO
DEV005,Chhatrapati Sambhajinagar,2026-08-01 08:02:00,2026-08-01 08:02:00,37.44,NORMAL,0.8772455506061202,NO
DEV001,Pune,2026-08-01 08:03:00,2026-08-01 08:03:00,37.68,NORMAL,0.9087318685016186,NO
DEV005,Chhatrapati Sambhajinagar,2026-08-01 08:04:00,2026-08-01 08:04:00,29.22,NORMAL,-0.20116083731468776,NO
DEV001,Pune,2026-08-01 08:05:00,2026-08-01 08:05:00,24.01,NORMAL,-0.8846763216294575,NO
DEV005,Chhatrapati Sambhajinagar,2026-08-01 08:06:00,2026-08-01 08:06:00,25.25,NORMAL,-0.7219970125027179,NO
DEV005,Chhatrapati Sambhajinagar,2026-08-01 08:07:00,2026-08-01 08:07:00,28.66,NORMAL,-0.274628912404183,NO
DEV001,Pune,2026-08-01 08:08:00,2026-08-01 08:08:00,27.86,NORMAL,-0.3795833053891766,NO
DEV003,Nashik,2026-08-01 08:09:00,2026-08-01 08:09:00,30.31,NORMAL,-0.058160476872634134,NO
DEV003,Nashik,2026-08-01 08:10:00,2026-08-01 08:10:00,36.53,NORMAL,0.7578599285856906,NO
DEV001,Pune,2026-08-01 08:11:00,2026-08-01 08:11:00,36.43,NORMAL,0.7447406294625663,NO
DEV002,Mumbai,2026-08-01 08:12:00,2026-08-01 08:12:00,29.89,NORMAL,-0.11326153318975547,NO
DEV004,Nagpur,2026-08-01 08:13:00,2026-08-01 08:13:00,25.9,NORMAL,-0.6367215682024108,NO
DEV005,Chhatrapati Sambhajinagar,2026-08-01 08:14:00,2026-08-01 08:14:00,29.21,NORMAL,-0.20247276722699992,NO
DEV001,Pune,2026-08-01 08:15:00,2026-08-01 08:15:00,32.36,NORMAL,0.21078515515141177,NO
DEV003,Nashik,2026-08-01 08:16:00,2026-08-01 08:16:00,36.2,NORMAL,0.714566241479381,NO
DEV002,Mumbai,2026-08-01 08:17:00,2026-08-01 08:17:00,33.83,NORMAL,0.40363885226133717,NO
DEV003,Nashik,2026-08-01 08:18:00,2026-08-01 08:18:00,24.63,NORMAL,-0.8033366670660879,NO
DEV005,Chhatrapati Sambhajinagar,2026-08-01 08:19:00,2026-08-01 08:19:00,26.04,NORMAL,-0.6183545494300369,NO
DEV002,Mumbai,2026-08-01 08:20:00,2026-08-01 08:20:00,37.33,NORMAL,0.8628143215706837,NO
DEV004,Nagpur,2026-08-01 08:21:00,2026-08-01 08:21:00,26.4,NORMAL,-0.5711250725867899,NO
DEV001,Pune,2026-08-01 08:22:00,2026-08-01 08:22:00,35.85,NORMAL,0.6686486945484461,NO
DEV003,Nashik,2026-08-01 08:23:00,2026-08-01 08:23:00,32.56,NORMAL,0.23702375339766052,NO
DEV001,Pune,2026-08-01 08:24:00,2026-08-01 08:24:00,32.58,NORMAL,0.23964761322228484,NO
DEV004,Nagpur,2026-08-01 08:25:00,2026-08-01 08:25:00,36.62,NORMAL,0.7696672977965019,NO
DEV005,Chhatrapati Sambhajinagar,2026-08-01 08:26:00,2026-08-01 08:26:00,32.88,NORMAL,0.27900551059165796,NO
DEV005,Chhatrapati Sambhajinagar,2026-08-01 08:27:00,2026-08-01 08:27:00,25.72,NORMAL,-0.6603363066240343,NO
DEV001,Pune,2026-08-01 08:28:00,2026-08-01 08:28:00,37.82,NORMAL,0.9270988872739925,NO
DEV005,Chhatrapati Sambhajinagar,2026-08-01 08:29:00,2026-08-01 08:29:00,23.13,NORMAL,-1.0001261539129507,NO
DEV002,Mumbai,2026-08-01 08:30:00,2026-08-01 08:30:00,27.16,NORMAL,-0.47141839925104584,NO
DEV005,Chhatrapati Sambhajinagar,2026-08-01 08:31:00,2026-08-01 08:31:00,35.45,NORMAL,0.6161714980559496,NO
DEV005,Chhatrapati Sambhajinagar,2026-08-01 08:32:00,2026-08-01 08:32:00,25.09,NORMAL,-0.7429878910997165,NO
DEV003,Nashik,2026-08-01 08:33:00,2026-08-01 08:33:00,24.69,NORMAL,-0.7954650875922131,NO
DEV001,Pune,2026-08-01 08:34:00,2026-08-01 08:34:00,31.72,NORMAL,0.12682164076341693,NO
DEV001,Pune,2026-08-01 08:35:00,2026-08-01 08:35:00,30.76,NORMAL,0.0008763691814250769,NO
DEV002,Mumbai,2026-08-01 08:36:00,2026-08-01 08:36:00,28.54,NORMAL,-0.29037207135193216,NO
DEV002,Mumbai,2026-08-01 08:37:00,2026-08-01 08:37:00,30.64,NORMAL,-0.014866789766324077,NO
DEV003,Nashik,2026-08-01 08:38:00,2026-08-01 08:38:00,29.02,NORMAL,-0.22739943556093603,NO
DEV001,Pune,2026-08-01 08:39:00,2026-08-01 08:39:00,29.68,NORMAL,-0.1408120613483164,NO
DEV005,Chhatrapati Sambhajinagar,2026-08-01 08:40:00,2026-08-01 08:40:00,23.94,NORMAL,-0.8938598310156445,NO
DEV005,Chhatrapati Sambhajinagar,2026-08-01 08:41:00,2026-08-01 08:41:00,34.25,NORMAL,0.458739908578459,NO
DEV003,Nashik,2026-08-01 08:42:00,2026-08-01 08:42:00,37.08,NORMAL,0.8300160737628732,NO
DEV002,Mumbai,2026-08-01 08:43:00,2026-08-01 08:43:00,23.49,NORMAL,-0.9528966770697037,NO
DEV002,Mumbai,2026-08-01 08:44:00,2026-08-01 08:44:00,23.63,NORMAL,-0.9345296582973298,NO
DEV002,Mumbai,2026-08-01 08:45:00,2026-08-01 08:45:00,27.87,NORMAL,-0.378271375476864,NO
DEV005,Chhatrapati Sambhajinagar,2026-08-01 08:46:00,2026-08-01 08:46:00,25.24,NORMAL,-0.7233089424150304,NO
DEV003,Nashik,2026-08-01 08:47:00,2026-08-01 08:47:00,22.86,NORMAL,-1.035548261545386,NO
DEV001,Pune,2026-08-01 08:48:00,2026-08-01 08:48:00,31.18,NORMAL,0.05597742549854642,NO
DEV003,Nashik,2026-08-01 08:49:00,2026-08-01 08:49:00,30.45,NORMAL,-0.0397934581002602,NO
DEV003,Nashik,2026-08-01 08:50:00,2026-08-01 08:50:00,22.28,NORMAL,-1.111640196459506,NO
DEV003,Nashik,2026-08-01 08:51:00,2026-08-01 08:51:00,24.8,NORMAL,-0.7810338585567765,NO
DEV002,Mumbai,2026-08-01 08:52:00,2026-08-01 08:52:00,26.39,NORMAL,-0.572437002499102,NO
DEV005,Chhatrapati Sambhajinagar,2026-08-01 08:53:00,2026-08-01 08:53:00,35.27,NORMAL,0.5925567596343261,NO
DEV004,Nagpur,2026-08-01 08:54:00,2026-08-01 08:54:00,25.82,NORMAL,-0.6472170075009099,NO
DEV005,Chhatrapati Sambhajinagar,2026-08-01 08:55:00,2026-08-01 08:55:00,32.33,NORMAL,0.20684936541447438,NO
DEV003,Nashik,2026-08-01 08:56:00,2026-08-01 08:56:00,36.13,NORMAL,0.705382732093194,NO
DEV001,Pune,2026-08-01 08:57:00,2026-08-01 08:57:00,24.54,NORMAL,-0.8151440362768997,NO
DEV002,Mumbai,2026-08-01 08:58:00,2026-08-01 08:58:00,36.3,NORMAL,0.7276855406025045,NO
DEV005,Chhatrapati Sambhajinagar,2026-08-01 08:59:00,2026-08-01 08:59:00,37.8,NORMAL,0.9244750274493673,NO
DEV004,Nagpur,2026-08-01 09:00:00,2026-08-01 09:00:00,33.95,NORMAL,0.4193820112090868,NO
DEV002,Mumbai,2026-08-01 09:01:00,2026-08-01 09:01:00,32.17,NORMAL,0.18585848681747613,NO
DEV002,Mumbai,2026-08-01 09:02:00,2026-08-01 09:02:00,35.25,NORMAL,0.5899328998097009,NO
DEV002,Mumbai,2026-08-01 09:03:00,2026-08-01 09:03:00,32.29,NORMAL,0.20160164576522482,NO
DEV002,Mumbai,2026-08-01 09:04:00,2026-08-01 09:04:00,24.17,NORMAL,-0.8636854430324589,NO
DEV002,Mumbai,2026-08-01 09:05:00,2026-08-01 09:05:00,30.9,NORMAL,0.019243387953798548,NO
DEV003,Nashik,2026-08-01 09:06:00,2026-08-01 09:06:00,35.48,NORMAL,0.620107287792886,NO
DEV004,Nagpur,2026-08-01 08:48:00,2026-08-01 09:07:00,26.6,BACKDATED,-0.5448864743405412,NO
DEV002,Mumbai,2026-08-01 09:08:00,2026-08-01 09:08:00,25.86,NORMAL,-0.6419692878516604,NO
DEV002,Mumbai,2026-08-01 09:09:00,2026-08-01 09:09:00,30.2,NORMAL,-0.07259170590807067,NO
DEV004,Nagpur,2026-08-01 09:10:00,2026-08-01 09:10:00,29.33,NORMAL,-0.18672960827925122,NO
DEV003,Nashik,2026-08-01 09:11:00,2026-08-01 09:11:00,33.18,NORMAL,0.31836340796103013,NO
DEV003,Nashik,2026-08-01 09:12:00,2026-08-01 09:12:00,27.2,NORMAL,-0.46617067960179626,NO
DEV004,Nagpur,2026-08-01 09:13:00,2026-08-01 09:13:00,26.46,NORMAL,-0.5632534931129151,NO
DEV001,Pune,2026-08-01 08:59:00,2026-08-01 09:14:00,33.11,BACKDATED,0.3091798985748432,NO
DEV003,Nashik,2026-08-01 09:15:00,2026-08-01 09:15:00,29.2,NORMAL,-0.20378469713931255,NO
DEV001,Pune,2026-08-01 09:16:00,2026-08-01 09:16:00,28.68,NORMAL,-0.27200505257955826,NO
DEV003,Nashik,2026-08-01 09:17:00,2026-08-01 09:17:00,86.77,SENSOR_ANOMALY,7.348995808043281,YES
DEV001,Pune,2026-08-01 09:18:00,2026-08-01 09:18:00,30.85,NORMAL,0.012683738392236826,NO
DEV001,Pune,2026-08-01 09:19:00,2026-08-01 09:19:00,23.81,NORMAL,-0.9109149198757063,NO
DEV003,Nashik,2026-08-01 09:20:00,2026-08-01 09:20:00,31.61,NORMAL,0.11239041172798038,NO
DEV004,Nagpur,2026-08-01 09:21:00,2026-08-01 09:21:00,32.07,NORMAL,0.17273918769435176,NO
DEV003,Nashik,2026-08-01 09:22:00,2026-08-01 09:22:00,32.64,NORMAL,0.24751919269615966,NO
DEV005,Chhatrapati Sambhajinagar,2026-08-01 09:23:00,2026-08-01 09:23:00,27.81,NORMAL,-0.3861429549507388,NO
DEV005,Chhatrapati Sambhajinagar,2026-08-01 09:24:00,2026-08-01 09:24:00,27.27,NORMAL,-0.4569871702156093,NO
DEV004,Nagpur,2026-08-01 09:25:00,2026-08-01 09:25:00,36.33,NORMAL,0.7316213303394419,NO
DEV005,Chhatrapati Sambhajinagar,2026-08-01 09:26:00,2026-08-01 09:26:00,28.25,NORMAL,-0.32841803880899223,NO
DEV004,Nagpur,2026-08-01 09:27:00,2026-08-01 09:27:00,29.9,NORMAL,-0.11194960327744333,NO
DEV004,Nagpur,2026-08-01 09:28:00,2026-08-01 09:28:00,33.1,NORMAL,0.307867968662531,NO
DEV005,Chhatrapati Sambhajinagar,2026-08-01 09:29:00,2026-08-01 09:29:00,23.69,NORMAL,-0.926658078823455,NO
DEV003,Nashik,2026-08-01 09:30:00,2026-08-01 09:30:00,32.49,NORMAL,0.22784024401147357,NO
DEV004,Nagpur,2026-08-01 09:31:00,2026-08-01 09:31:00,29.37,NORMAL,-0.1814818886300012,NO
DEV002,Mumbai,2026-08-01 09:32:00,2026-08-01 09:32:00,22.41,NORMAL,-1.0945851075994446,NO
DEV001,Pune,2026-08-01 09:33:00,2026-08-01 09:33:00,37.24,NORMAL,0.8510069523598724,NO
DEV001,Pune,2026-08-01 09:34:00,2026-08-01 09:34:00,27.29,NORMAL,-0.45436331039098454,NO
DEV001,Pune,2026-08-01 09:35:00,2026-08-01 09:35:00,22.84,NORMAL,-1.0381721213700108,NO
DEV005,Chhatrapati Sambhajinagar,2026-08-01 09:36:00,2026-08-01 09:36:00,33.77,NORMAL,0.3957672727874633,NO
DEV001,Pune,2026-08-01 09:37:00,2026-08-01 09:37:00,24.48,NORMAL,-0.823015615750774,NO
DEV003,Nashik,2026-08-01 09:38:00,2026-08-01 09:38:00,22.27,NORMAL,-1.1129521263718187,NO
DEV004,Nagpur,2026-08-01 09:39:00,2026-08-01 09:39:00,24.82,NORMAL,-0.7784099987321518,NO
DEV001,Pune,2026-08-01 09:40:00,2026-08-01 09:40:00,24.89,NORMAL,-0.7692264893459648,NO
DEV003,Nashik,2026-08-01 09:41:00,2026-08-01 09:41:00,37.17,NORMAL,0.8418234429736855,NO
DEV005,Chhatrapati Sambhajinagar,2026-08-01 09:42:00,2026-08-01 09:42:00,24.36,NORMAL,-0.8387587746985231,NO
DEV002,Mumbai,2026-08-01 09:43:00,2026-08-01 09:43:00,33.96,NORMAL,0.42069394112139896,NO
DEV005,Chhatrapati Sambhajinagar,2026-08-01 09:44:00,2026-08-01 09:44:00,23.24,NORMAL,-0.9856949248775142,NO
DEV005,Chhatrapati Sambhajinagar,2026-08-01 09:45:00,2026-08-01 09:45:00,34.79,NORMAL,0.5295841238433295,NO
DEV005,Chhatrapati Sambhajinagar,2026-08-01 09:46:00,2026-08-01 09:46:00,22.67,NORMAL,-1.0604749298793217,NO
DEV001,Pune,2026-08-01 09:47:00,2026-08-01 09:47:00,34.53,NORMAL,0.4954739461232069,NO
DEV005,Chhatrapati Sambhajinagar,2026-08-01 09:48:00,2026-08-01 09:48:00,36.72,NORMAL,0.7827865969196263,NO
DEV005,Chhatrapati Sambhajinagar,2026-08-01 09:49:00,2026-08-01 09:49:00,32.69,NORMAL,0.25407884225772137,NO
DEV005,Chhatrapati Sambhajinagar,2026-08-01 09:50:00,2026-08-01 09:50:00,28.55,NORMAL,-0.28906014143961956,NO
DEV005,Chhatrapati Sambhajinagar,2026-08-01 09:51:00,2026-08-01 09:51:00,36.93,NORMAL,0.8103371250781871,NO
DEV001,Pune,2026-08-01 09:52:00,2026-08-01 09:52:00,36.73,NORMAL,0.7840985268319384,NO
DEV004,Nagpur,2026-08-01 09:53:00,2026-08-01 09:53:00,29.41,NORMAL,-0.17623416898075164,NO
DEV004,Nagpur,2026-08-01 09:54:00,2026-08-01 09:54:00,23.91,NORMAL,-0.8977956207525819,NO
DEV002,Mumbai,2026-08-01 09:55:00,2026-08-01 09:55:00,22.03,NORMAL,-1.1444384442673166,NO
DEV003,Nashik,2026-08-01 09:56:00,2026-08-01 09:56:00,35.46,NORMAL,0.6174834279682617,NO
DEV002,Mumbai,2026-08-01 09:57:00,2026-08-01 09:57:00,26.31,NORMAL,-0.5829324417976016,NO
DEV004,Nagpur,2026-08-01 09:58:00,2026-08-01 09:58:00,37.76,NORMAL,0.9192273078001176,NO
DEV003,Nashik,2026-08-01 09:59:00,2026-08-01 09:59:00,25.45,NORMAL,-0.6957584142564696,NO
DEV002,Mumbai,2026-08-01 10:00:00,2026-08-01 10:00:00,33.32,NORMAL,0.3367304267334041,NO
DEV005,Chhatrapati Sambhajinagar,2026-08-01 09:48:00,2026-08-01 10:01:00,22.29,BACKDATED,-1.1103282665471939,NO
DEV002,Mumbai,2026-08-01 10:02:00,2026-08-01 10:02:00,22.23,NORMAL,-1.1181998460210683,NO
DEV003,Nashik,2026-08-01 10:03:00,2026-08-01 10:03:00,32.92,NORMAL,0.28425323024090754,NO
DEV004,Nagpur,2026-08-01 10:04:00,2026-08-01 10:04:00,22.95,NORMAL,-1.023740892334574,NO
DEV005,Chhatrapati Sambhajinagar,2026-08-01 10:05:00,2026-08-01 10:05:00,36.66,NORMAL,0.7749150174457514,NO
DEV004,Nagpur,2026-08-01 10:06:00,2026-08-01 10:06:00,36.48,NORMAL,0.751300279024128,NO
DEV003,Nashik,2026-08-01 10:07:00,2026-08-01 10:07:00,35.24,NORMAL,0.5886209698973887,NO
DEV004,Nagpur,2026-08-01 10:08:00,2026-08-01 10:08:00,33.39,NORMAL,0.34591393611959104,NO
DEV002,Mumbai,2026-08-01 10:09:00,2026-08-01 10:09:00,34.35,NORMAL,0.47185920770158335,NO
DEV004,Nagpur,2026-08-01 10:10:00,2026-08-01 10:10:00,30.38,NORMAL,-0.04897696748644717,NO
DEV004,Nagpur,2026-08-01 10:11:00,2026-08-01 10:11:00,36.12,NORMAL,0.7040708021808809,NO
DEV004,Nagpur,2026-08-01 10:12:00,2026-08-01 10:12:00,32.95,NORMAL,0.28818901997784496,NO
DEV005,Chhatrapati Sambhajinagar,2026-08-01 10:13:00,2026-08-01 10:13:00,25.11,NORMAL,-0.7403640312750918,NO
DEV005,Chhatrapati Sambhajinagar,2026-08-01 10:14:00,2026-08-01 10:14:00,22.48,NORMAL,-1.0854015982132577,NO
DEV002,Mumbai,2026-08-01 10:15:00,2026-08-01 10:15:00,32.01,NORMAL,0.16486760822047694,NO
DEV001,Pune,2026-08-01 10:16:00,2026-08-01 10:16:00,24.14,NORMAL,-0.8676212327693962,NO
DEV005,Chhatrapati Sambhajinagar,2026-08-01 10:17:00,2026-08-01 10:17:00,35.62,NORMAL,0.63847430656526,NO
DEV003,Nashik,2026-08-01 10:18:00,2026-08-01 10:18:00,31.8,NORMAL,0.1373170800619165,NO
DEV005,Chhatrapati Sambhajinagar,2026-08-01 10:19:00,2026-08-01 10:19:00,31.8,NORMAL,0.1373170800619165,NO
DEV004,Nagpur,2026-08-01 10:20:00,2026-08-01 10:20:00,37.32,NORMAL,0.8615023916583716,NO
DEV003,Nashik,2026-08-01 10:21:00,2026-08-01 10:21:00,37.85,NORMAL,0.9310346770109299,NO
DEV004,Nagpur,2026-08-01 10:22:00,2026-08-01 10:22:00,27.87,NORMAL,-0.378271375476864,NO
DEV003,Nashik,2026-08-01 10:23:00,2026-08-01 10:23:00,24.25,NORMAL,-0.8531900037339597,NO
DEV005,Chhatrapati Sambhajinagar,2026-08-01 10:24:00,2026-08-01 10:24:00,28.32,NORMAL,-0.3192345294228052,NO
DEV003,Nashik,2026-08-01 10:25:00,2026-08-01 10:25:00,35.54,NORMAL,0.6279788672667609,NO
DEV005,Chhatrapati Sambhajinagar,2026-08-01 10:26:00,2026-08-01 10:26:00,36.21,NORMAL,0.7158781713916932,NO
DEV004,Nagpur,2026-08-01 10:27:00,2026-08-01 10:27:00,28.62,NORMAL,-0.2798766320534326,NO
DEV005,Chhatrapati Sambhajinagar,2026-08-01 10:28:00,2026-08-01 10:28:00,25.4,NORMAL,-0.7023180638180317,NO
DEV001,Pune,2026-08-01 10:29:00,2026-08-01 10:29:00,34.2,NORMAL,0.4521802590168973,NO
DEV004,Nagpur,2026-08-01 10:30:00,2026-08-01 10:30:00,29.95,NORMAL,-0.10538995371588114,NO
DEV004,Nagpur,2026-08-01 10:31:00,2026-08-01 10:31:00,37.63,NORMAL,0.9021722189400568,NO
DEV002,Mumbai,2026-08-01 10:32:00,2026-08-01 10:32:00,28.43,NORMAL,-0.3048033003873687,NO
DEV004,Nagpur,2026-08-01 10:33:00,2026-08-01 10:33:00,30.91,NORMAL,0.02055531786611117,NO
DEV004,Nagpur,2026-08-01 10:34:00,2026-08-01 10:34:00,33.03,NORMAL,0.29868445927634407,NO
DEV002,Mumbai,2026-08-01 10:35:00,2026-08-01 10:35:00,35.44,NORMAL,0.6148595681436365,NO
DEV002,Mumbai,2026-08-01 10:36:00,2026-08-01 10:41:00,25.62,LATE,-0.6734556057471582,NO
DEV005,Chhatrapati Sambhajinagar,2026-08-01 10:37:00,2026-08-01 10:37:00,22.69,NORMAL,-1.0578510700546968,NO
DEV001,Pune,2026-08-01 10:38:00,2026-08-01 10:38:00,30.37,NORMAL,-0.05028889739875932,NO
DEV004,Nagpur,2026-08-01 10:39:00,2026-08-01 10:39:00,23.74,NORMAL,-0.9200984292618932,NO
DEV003,Nashik,2026-08-01 10:40:00,2026-08-01 10:46:00,24.82,LATE,-0.7784099987321518,NO
DEV002,Mumbai,2026-08-01 10:41:00,2026-08-01 10:41:00,28.36,NORMAL,-0.3139868097735557,NO
DEV002,Mumbai,2026-08-01 10:42:00,2026-08-01 10:42:00,32.06,NORMAL,0.1714272577820396,NO
DEV003,Nashik,2026-08-01 10:43:00,2026-08-01 10:43:00,28.34,NORMAL,-0.31661066959818046,NO
DEV005,Chhatrapati Sambhajinagar,2026-08-01 10:44:00,2026-08-01 10:44:00,35.67,NORMAL,0.6450339561268227,NO
DEV005,Chhatrapati Sambhajinagar,2026-08-01 10:45:00,2026-08-01 10:45:00,35.42,NORMAL,0.6122357083190122,NO
DEV005,Chhatrapati Sambhajinagar,2026-08-01 10:46:00,2026-08-01 10:46:00,35.97,NORMAL,0.6843918534961948,NO
DEV004,Nagpur,2026-08-01 10:47:00,2026-08-01 10:47:00,24.07,NORMAL,-0.8768047421555832,NO
DEV001,Pune,2026-08-01 10:48:00,2026-08-01 10:48:00,26.1,NORMAL,-0.610482969956162,NO
DEV004,Nagpur,2026-08-01 10:49:00,2026-08-01 10:49:00,37.48,NORMAL,0.8824932702553698,NO
DEV003,Nashik,2026-08-01 10:50:00,2026-08-01 10:50:00,22.74,NORMAL,-1.0512914204931352,NO
DEV004,Nagpur,2026-08-01 10:51:00,2026-08-01 10:51:00,32.67,NORMAL,0.25145498243309705,NO
DEV001,Pune,2026-08-01 10:52:00,2026-08-01 10:52:00,36.19,NORMAL,0.7132543115670679,NO
DEV001,Pune,2026-08-01 10:53:00,2026-08-01 10:53:00,31.26,NORMAL,0.066472864797046,NO
DEV005,Chhatrapati Sambhajinagar,2026-08-01 10:54:00,2026-08-01 10:54:00,23.2,NORMAL,-0.9909426445267637,NO
DEV003,Nashik,2026-08-01 10:55:00,2026-08-01 10:55:00,30.04,NORMAL,-0.09358258450506939,NO
DEV004,Nagpur,2026-08-01 10:56:00,2026-08-01 10:56:00,36.58,NORMAL,0.7644195781472524,NO
DEV002,Mumbai,2026-08-01 10:57:00,2026-08-01 10:57:00,22.45,NORMAL,-1.089337387950195,NO
DEV002,Mumbai,2026-08-01 10:58:00,2026-08-01 10:58:00,36.91,NORMAL,0.8077132652535619,NO
DEV005,Chhatrapati Sambhajinagar,2026-08-01 10:59:00,2026-08-01 10:59:00,95.1,SENSOR_ANOMALY,8.441833424999526,YES
DEV001,Pune,2026-08-01 11:00:00,2026-08-01 11:00:00,22.17,NORMAL,-1.1260714254949427,NO
DEV001,Pune,2026-08-01 11:01:00,2026-08-01 11:01:00,22.4,NORMAL,-1.0958970375117574,NO
DEV001,Pune,2026-08-01 11:02:00,2026-08-01 11:02:00,34.59,NORMAL,0.5033455255970817,NO
DEV001,Pune,2026-08-01 11:03:00,2026-08-01 11:03:00,32.33,NORMAL,0.20684936541447438,NO
DEV001,Pune,2026-08-01 11:04:00,2026-08-01 11:04:00,32.68,NORMAL,0.2527669123454092,NO
DEV005,Chhatrapati Sambhajinagar,2026-08-01 11:05:00,2026-08-01 11:05:00,24.31,NORMAL,-0.8453184242600853,NO
DEV003,Nashik,2026-08-01 11:06:00,2026-08-01 11:06:00,35.89,NORMAL,0.6738964141976957,NO
DEV003,Nashik,2026-08-01 11:07:00,2026-08-01 11:07:00,28.99,NORMAL,-0.23133522529787343,NO
DEV001,Pune,2026-08-01 11:08:00,2026-08-01 11:08:00,31.74,NORMAL,0.1294455005880417,NO
DEV005,Chhatrapati Sambhajinagar,2026-08-01 11:09:00,2026-08-01 11:09:00,35.77,NORMAL,0.6581532552499471,NO
DEV001,Pune,2026-08-01 11:10:00,2026-08-01 11:10:00,36.09,NORMAL,0.7001350124439445,NO
DEV002,Mumbai,2026-08-01 11:11:00,2026-08-01 11:11:00,25.04,NORMAL,-0.7495475406612787,NO
DEV002,Mumbai,2026-08-01 11:12:00,2026-08-01 11:12:00,32.53,NORMAL,0.23308796366072312,NO
DEV005,Chhatrapati Sambhajinagar,2026-08-01 11:13:00,2026-08-01 11:13:00,30.57,NORMAL,-0.024050299152511046,NO
DEV005,Chhatrapati Sambhajinagar,2026-08-01 11:14:00,2026-08-01 11:14:00,22.99,NORMAL,-1.0184931726853246,NO
DEV002,Mumbai,2026-08-01 11:15:00,2026-08-01 11:15:00,33.8,NORMAL,0.3997030625243998,NO
DEV005,Chhatrapati Sambhajinagar,2026-08-01 11:16:00,2026-08-01 11:16:00,29.43,NORMAL,-0.17361030915612685,NO
DEV003,Nashik,2026-08-01 11:17:00,2026-08-01 11:17:00,37.38,NORMAL,0.8693739711322463,NO
DEV003,Nashik,2026-08-01 11:18:00,2026-08-01 11:18:00,26.52,NORMAL,-0.5553819136390407,NO
DEV004,Nagpur,2026-08-01 11:19:00,2026-08-01 11:19:00,31.44,NORMAL,0.09008760321866952,NO
DEV002,Mumbai,2026-08-01 11:20:00,2026-08-01 11:20:00,30.35,NORMAL,-0.05291275722338411,NO
DEV005,Chhatrapati Sambhajinagar,2026-08-01 11:21:00,2026-08-01 11:21:00,30.75,NORMAL,-0.00043556073088754687,NO
DEV005,Chhatrapati Sambhajinagar,2026-08-01 11:22:00,2026-08-01 11:22:00,35.78,NORMAL,0.6594651851622592,NO
DEV001,Pune,2026-08-01 11:23:00,2026-08-01 11:23:00,36.08,NORMAL,0.6988230825316314,NO
DEV002,Mumbai,2026-08-01 11:24:00,2026-08-01 11:24:00,36.42,NORMAL,0.743428699550254,NO
DEV001,Pune,2026-08-01 11:25:00,2026-08-01 11:25:00,32.52,NORMAL,0.23177603374841096,NO
DEV001,Pune,2026-08-01 11:26:00,2026-08-01 11:26:00,35.24,NORMAL,0.5886209698973887,NO
DEV004,Nagpur,2026-08-01 11:27:00,2026-08-01 11:27:00,31.62,NORMAL,0.11370234164029301,NO
DEV003,Nashik,2026-08-01 11:28:00,2026-08-01 11:28:00,29.9,NORMAL,-0.11194960327744333,NO
DEV002,Mumbai,2026-08-01 11:29:00,2026-08-01 11:29:00,31.92,NORMAL,0.15306023900966567,NO
DEV004,Nagpur,2026-08-01 11:30:00,2026-08-01 11:30:00,34.89,NORMAL,0.5427034229664539,NO
DEV004,Nagpur,2026-08-01 11:31:00,2026-08-01 11:31:00,24.98,NORMAL,-0.7574191201351531,NO
DEV004,Nagpur,2026-08-01 11:32:00,2026-08-01 11:32:00,33.41,NORMAL,0.34853779594421536,NO
DEV005,Chhatrapati Sambhajinagar,2026-08-01 11:33:00,2026-08-01 11:33:00,32.26,NORMAL,0.1976658560282874,NO
DEV004,Nagpur,2026-08-01 11:34:00,2026-08-01 11:34:00,23.3,NORMAL,-0.9778233454036394,NO
DEV002,Mumbai,2026-08-01 11:35:00,2026-08-01 11:35:00,28.98,NORMAL,-0.23264715521018559,NO
DEV001,Pune,2026-08-01 11:36:00,2026-08-01 11:36:00,33.23,NORMAL,0.3249230575225919,NO
DEV003,Nashik,2026-08-01 11:37:00,2026-08-01 11:37:00,37.86,NORMAL,0.932346606923242,NO
DEV004,Nagpur,2026-08-01 11:38:00,2026-08-01 11:38:00,31.49,NORMAL,0.09664725278023123,NO
DEV004,Nagpur,2026-08-01 11:39:00,2026-08-01 11:39:00,31.57,NORMAL,0.10714269207873083,NO
DEV002,Mumbai,2026-08-01 11:40:00,2026-08-01 11:40:00,31.54,NORMAL,0.10320690234179342,NO
DEV004,Nagpur,2026-08-01 11:41:00,2026-08-01 11:41:00,24.79,NORMAL,-0.7823457884690892,NO
DEV001,Pune,2026-08-01 11:42:00,2026-08-01 11:42:00,33.58,NORMAL,0.37084060445352673,NO
DEV001,Pune,2026-08-01 11:43:00,2026-08-01 11:43:00,30.78,NORMAL,0.003500229006049858,NO
DEV003,Nashik,2026-08-01 11:44:00,2026-08-01 11:44:00,34.78,NORMAL,0.5282721939310173,NO
DEV004,Nagpur,2026-08-01 11:45:00,2026-08-01 11:45:00,23.09,NORMAL,-1.0053738735622002,NO
DEV004,Nagpur,2026-08-01 11:46:00,2026-08-01 11:46:00,29.5,NORMAL,-0.16442679976993987,NO
DEV001,Pune,2026-08-01 11:47:00,2026-08-01 11:47:00,35.5,NORMAL,0.6227311476175114,NO
DEV005,Chhatrapati Sambhajinagar,2026-08-01 11:48:00,2026-08-01 11:48:00,29.07,NORMAL,-0.22083978599937384,NO
DEV002,Mumbai,2026-08-01 11:49:00,2026-08-01 11:49:00,35.8,NORMAL,0.6620890449868835,NO
DEV005,Chhatrapati Sambhajinagar,2026-08-01 11:50:00,2026-08-01 11:50:00,27.85,NORMAL,-0.3808952353014888,NO
DEV005,Chhatrapati Sambhajinagar,2026-08-01 11:51:00,2026-08-01 11:51:00,33.36,NORMAL,0.34197814638265367,NO
DEV005,Chhatrapati Sambhajinagar,2026-08-01 11:52:00,2026-08-01 11:52:00,31.56,NORMAL,0.1058307621664182,NO
DEV001,Pune,2026-08-01 11:53:00,2026-08-01 11:53:00,29.24,NORMAL,-0.19853697749006297,NO
DEV001,Pune,2026-08-01 11:54:00,2026-08-01 11:54:00,28.96,NORMAL,-0.23527101503481038,NO
DEV004,Nagpur,2026-08-01 11:55:00,2026-08-01 11:55:00,31.32,NORMAL,0.07434444427092035,NO
DEV001,Pune,2026-08-01 11:56:00,2026-08-01 11:56:00,31.12,NORMAL,0.04810584602467208,NO
DEV005,Chhatrapati Sambhajinagar,2026-08-01 11:57:00,2026-08-01 11:57:00,22.56,NORMAL,-1.0749061589147586,NO
DEV004,Nagpur,2026-08-01 11:58:00,2026-08-01 12:03:00,31.11,LATE,0.04679391611235945,NO
DEV002,Mumbai,2026-08-01 11:59:00,2026-08-01 12:03:00,36.08,LATE,0.6988230825316314,NO
DEV002,Mumbai,2026-08-01 12:00:00,2026-08-01 12:00:00,31.03,NORMAL,0.03629847681386032,NO
DEV002,Mumbai,2026-08-01 12:01:00,2026-08-01 12:01:00,36.71,NORMAL,0.781474667007314,NO
DEV005,Chhatrapati Sambhajinagar,2026-08-01 12:02:00,2026-08-01 12:02:00,22.17,NORMAL,-1.1260714254949427,NO
DEV001,Pune,2026-08-01 12:03:00,2026-08-01 12:03:00,31.39,NORMAL,0.08352795365710733,NO
DEV004,Nagpur,2026-08-01 12:04:00,2026-08-01 12:04:00,34.7,NORMAL,0.5177767546325182,NO
DEV005,Chhatrapati Sambhajinagar,2026-08-01 12:05:00,2026-08-01 12:05:00,27.86,NORMAL,-0.3795833053891766,NO
DEV004,Nagpur,2026-08-01 12:06:00,2026-08-01 12:06:00,25.59,NORMAL,-0.6773913954840955,NO
DEV004,Nagpur,2026-08-01 12:07:00,2026-08-01 12:07:00,28.77,NORMAL,-0.2601976833687465,NO
DEV002,Mumbai,2026-08-01 12:08:00,2026-08-01 12:08:00,32.43,NORMAL,0.21996866453759875,NO
DEV001,Pune,2026-08-01 12:09:00,2026-08-01 12:09:00,26.26,NORMAL,-0.5894920913591634,NO
DEV003,Nashik,2026-08-01 12:10:00,2026-08-01 12:10:00,29.78,NORMAL,-0.12769276222519202,NO
DEV005,Chhatrapati Sambhajinagar,2026-08-01 12:11:00,2026-08-01 12:11:00,34.45,NORMAL,0.4849785068247077,NO
DEV004,Nagpur,2026-08-01 11:50:00,2026-08-01 12:12:00,25.19,BACKDATED,-0.7298685919765922,NO
DEV003,Nashik,2026-08-01 12:13:00,2026-08-01 12:13:00,31.46,NORMAL,0.09271146304329429,NO
DEV003,Nashik,2026-08-01 12:14:00,2026-08-01 12:14:00,32.21,NORMAL,0.1911062064667257,NO
DEV003,Nashik,2026-08-01 12:15:00,2026-08-01 12:15:00,30.31,NORMAL,-0.058160476872634134,NO
DEV005,Chhatrapati Sambhajinagar,2026-08-01 12:16:00,2026-08-01 12:16:00,31.69,NORMAL,0.12288585102647998,NO
DEV002,Mumbai,2026-08-01 12:17:00,2026-08-01 12:17:00,32.64,NORMAL,0.24751919269615966,NO
DEV002,Mumbai,2026-08-01 12:18:00,2026-08-01 12:18:00,28.94,NORMAL,-0.23789487485943517,NO
DEV004,Nagpur,2026-08-01 12:19:00,2026-08-01 12:19:00,29.06,NORMAL,-0.22215171591168648,NO
DEV002,Mumbai,2026-08-01 12:20:00,2026-08-01 12:20:00,33.01,NORMAL,0.2960605994517188,NO
DEV002,Mumbai,2026-08-01 12:21:00,2026-08-01 12:21:00,77.0,SENSOR_ANOMALY,6.067240283714049,YES
DEV002,Mumbai,2026-08-01 12:22:00,2026-08-01 12:22:00,37.91,NORMAL,0.9389062564848037,NO
DEV004,Nagpur,2026-08-01 12:23:00,2026-08-01 12:23:00,27.1,NORMAL,-0.4792899787249202,NO
DEV001,Pune,2026-08-01 12:24:00,2026-08-01 12:24:00,28.23,NORMAL,-0.331041898633617,NO
DEV001,Pune,2026-08-01 12:25:00,2026-08-01 12:25:00,25.04,NORMAL,-0.7495475406612787,NO
DEV001,Pune,2026-08-01 12:26:00,2026-08-01 12:26:00,27.14,NORMAL,-0.4740422590756706,NO
DEV001,Pune,2026-08-01 12:27:00,2026-08-01 12:27:00,36.16,NORMAL,0.7093185218301306,NO
DEV002,Mumbai,2026-08-01 12:28:00,2026-08-01 12:35:00,26.59,LATE,-0.5461984042528537,NO
DEV001,Pune,2026-08-01 12:29:00,2026-08-01 12:29:00,32.71,NORMAL,0.25670270208234663,NO
DEV001,Pune,2026-08-01 12:30:00,2026-08-01 12:30:00,36.91,NORMAL,0.8077132652535619,NO
DEV002,Mumbai,2026-08-01 12:31:00,2026-08-01 12:31:00,22.71,NORMAL,-1.0552272102300722,NO
DEV003,Nashik,2026-08-01 12:32:00,2026-08-01 12:32:00,33.99,NORMAL,0.4246297308583364,NO
DEV001,Pune,2026-08-01 12:33:00,2026-08-01 12:35:00,33.64,LATE,0.3787121839274015,NO
DEV001,Pune,2026-08-01 12:08:00,2026-08-01 12:34:00,37.71,BACKDATED,0.912667658238556,NO
DEV001,Pune,2026-08-01 12:35:00,2026-08-01 12:35:00,23.43,NORMAL,-0.960768256543578,NO
DEV005,Chhatrapati Sambhajinagar,2026-08-01 12:36:00,2026-08-01 12:36:00,35.91,NORMAL,0.6765202740223201,NO
DEV002,Mumbai,2026-08-01 12:37:00,2026-08-01 12:37:00,30.56,NORMAL,-0.02536222906482367,NO
DEV005,Chhatrapati Sambhajinagar,2026-08-01 12:29:00,2026-08-01 12:38:00,29.4,BACKDATED,-0.17754609889306425,NO
DEV005,Chhatrapati Sambhajinagar,2026-08-01 12:39:00,2026-08-01 12:39:00,34.69,NORMAL,0.5164648247202052,NO
DEV001,Pune,2026-08-01 12:40:00,2026-08-01 12:40:00,29.07,NORMAL,-0.22083978599937384,NO
DEV004,Nagpur,2026-08-01 12:41:00,2026-08-01 12:41:00,31.28,NORMAL,0.0690967246216708,NO
DEV005,Chhatrapati Sambhajinagar,2026-08-01 12:42:00,2026-08-01 12:42:00,30.65,NORMAL,-0.013554859854011921,NO
DEV003,Nashik,2026-08-01 12:43:00,2026-08-01 12:43:00,30.92,NORMAL,0.021867247778423794,NO
DEV001,Pune,2026-08-01 12:44:00,2026-08-01 12:44:00,25.36,NORMAL,-0.7075657834672813,NO
DEV003,Nashik,2026-08-01 12:45:00,2026-08-01 12:45:00,31.15,NORMAL,0.052041635761609015,NO
DEV002,Mumbai,2026-08-01 12:19:00,2026-08-01 12:46:00,27.49,BACKDATED,-0.42812471214473624,NO
DEV001,Pune,2026-08-01 12:39:00,2026-08-01 12:47:00,25.78,BACKDATED,-0.6524647271501595,NO
DEV005,Chhatrapati Sambhajinagar,2026-08-01 12:48:00,2026-08-01 12:48:00,22.55,NORMAL,-1.0762180888270707,NO
DEV003,Nashik,2026-08-01 12:49:00,2026-08-01 12:49:00,27.16,NORMAL,-0.47141839925104584,NO
DEV005,Chhatrapati Sambhajinagar,2026-08-01 12:50:00,2026-08-01 12:50:00,23.4,NORMAL,-0.9647040462805154,NO
DEV004,Nagpur,2026-08-01 12:33:00,2026-08-01 12:51:00,32.38,BACKDATED,0.21340901497603704,NO
DEV004,Nagpur,2026-08-01 12:52:00,2026-08-01 12:52:00,37.83,NORMAL,0.9284108171863047,NO
DEV005,Chhatrapati Sambhajinagar,2026-08-01 12:53:00,2026-08-01 12:53:00,36.83,NORMAL,0.7972178259550627,NO
DEV003,Nashik,2026-08-01 12:54:00,2026-08-01 12:54:00,29.22,NORMAL,-0.20116083731468776,NO
DEV005,Chhatrapati Sambhajinagar,2026-08-01 12:55:00,2026-08-01 12:55:00,33.29,NORMAL,0.33279463699646666,NO
DEV005,Chhatrapati Sambhajinagar,2026-08-01 12:29:00,2026-08-01 12:56:00,33.14,BACKDATED,0.3131156883117806,NO
DEV004,Nagpur,2026-08-01 12:57:00,2026-08-01 12:57:00,23.1,NORMAL,-1.0040619436498877,NO
DEV001,Pune,2026-08-01 12:58:00,2026-08-01 12:58:00,27.24,NORMAL,-0.46092295995254673,NO
DEV002,Mumbai,2026-08-01 12:59:00,2026-08-01 12:59:00,34.75,NORMAL,0.5243364041940799,NO
DEV003,Nashik,2026-08-01 13:00:00,2026-08-01 13:00:00,30.49,NORMAL,-0.03454573845101064,NO
DEV004,Nagpur,2026-08-01 13:01:00,2026-08-01 13:01:00,33.03,NORMAL,0.29868445927634407,NO
DEV004,Nagpur,2026-08-01 13:02:00,2026-08-01 13:02:00,31.5,NORMAL,0.09795918269254385,NO
DEV002,Mumbai,2026-08-01 13:03:00,2026-08-01 13:03:00,34.87,NORMAL,0.5400795631418286,NO
DEV002,Mumbai,2026-08-01 13:04:00,2026-08-01 13:04:00,26.71,NORMAL,-0.5304552453051046,NO
DEV005,Chhatrapati Sambhajinagar,2026-08-01 13:05:00,2026-08-01 13:05:00,26.92,NORMAL,-0.5029047171465437,NO
DEV002,Mumbai,2026-08-01 13:06:00,2026-08-01 13:06:00,28.11,NORMAL,-0.34678505758136613,NO
DEV001,Pune,2026-08-01 13:07:00,2026-08-01 13:07:00,26.74,NORMAL,-0.5265194555681676,NO
DEV003,Nashik,2026-08-01 13:08:00,2026-08-01 13:08:00,35.75,NORMAL,0.6555293954253217,NO
DEV004,Nagpur,2026-08-01 13:09:00,2026-08-01 13:09:00,25.94,NORMAL,-0.6314738485531608,NO
DEV003,Nashik,2026-08-01 13:10:00,2026-08-01 13:10:00,28.39,NORMAL,-0.3100510200366183,NO
DEV004,Nagpur,2026-08-01 13:11:00,2026-08-01 13:11:00,33.42,NORMAL,0.34984972585652846,NO
DEV001,Pune,2026-08-01 13:12:00,2026-08-01 13:12:00,37.14,NORMAL,0.8378876532367481,NO
DEV003,Nashik,2026-08-01 13:13:00,2026-08-01 13:13:00,30.42,NORMAL,-0.04372924783719714,NO
DEV004,Nagpur,2026-08-01 13:14:00,2026-08-01 13:21:00,25.37,LATE,-0.7062538535549686,NO
DEV003,Nashik,2026-08-01 12:56:00,2026-08-01 13:15:00,25.17,BACKDATED,-0.7324924518012169,NO
DEV005,Chhatrapati Sambhajinagar,2026-08-01 13:16:00,2026-08-01 13:16:00,28.2,NORMAL,-0.3349776883705544,NO
DEV001,Pune,2026-08-01 13:17:00,2026-08-01 13:17:00,22.09,NORMAL,-1.1365668647934422,NO
DEV004,Nagpur,2026-08-01 13:18:00,2026-08-01 13:18:00,32.71,NORMAL,0.25670270208234663,NO
DEV002,Mumbai,2026-08-01 13:19:00,2026-08-01 13:19:00,34.96,NORMAL,0.5518869323526409,NO
DEV005,Chhatrapati Sambhajinagar,2026-08-01 13:20:00,2026-08-01 13:20:00,32.34,NORMAL,0.20816129532678748,NO
DEV004,Nagpur,2026-08-01 13:21:00,2026-08-01 13:30:00,23.39,LATE,-0.9660159761928276,NO
DEV003,Nashik,2026-08-01 13:22:00,2026-08-01 13:22:00,26.92,NORMAL,-0.5029047171465437,NO
DEV003,Nashik,2026-08-01 13:23:00,2026-08-01 13:23:00,31.02,NORMAL,0.034986546901547705,NO
DEV001,Pune,2026-08-01 13:24:00,2026-08-01 13:24:00,29.52,NORMAL,-0.1618029399453151,NO
DEV005,Chhatrapati Sambhajinagar,2026-08-01 13:25:00,2026-08-01 13:25:00,27.19,NORMAL,-0.4674826095141084,NO
DEV002,Mumbai,2026-08-01 13:26:00,2026-08-01 13:26:00,36.19,NORMAL,0.7132543115670679,NO
DEV003,Nashik,2026-08-01 13:13:00,2026-08-01 13:27:00,26.89,BACKDATED,-0.506840506883481,NO
DEV001,Pune,2026-08-01 13:28:00,2026-08-01 13:28:00,22.22,NORMAL,-1.1195117759333808,NO
DEV004,Nagpur,2026-08-01 13:29:00,2026-08-01 13:38:00,27.15,LATE,-0.47273032916335844,NO
DEV002,Mumbai,2026-08-01 13:30:00,2026-08-01 13:30:00,30.41,NORMAL,-0.04504117774950976,NO
DEV004,Nagpur,2026-08-01 13:31:00,2026-08-01 13:31:00,22.62,NORMAL,-1.0670345794408838,NO
DEV003,Nashik,2026-08-01 13:32:00,2026-08-01 13:32:00,26.76,NORMAL,-0.5238955957435424,NO
DEV005,Chhatrapati Sambhajinagar,2026-08-01 13:33:00,2026-08-01 13:43:00,35.59,LATE,0.6345385168283235,NO
DEV003,Nashik,2026-08-01 13:34:00,2026-08-01 13:34:00,23.0,NORMAL,-1.017181242773012,NO
DEV004,Nagpur,2026-08-01 13:35:00,2026-08-01 13:35:00,30.36,NORMAL,-0.05160082731107195,NO
DEV005,Chhatrapati Sambhajinagar,2026-08-01 13:36:00,2026-08-01 13:36:00,30.04,NORMAL,-0.09358258450506939,NO
DEV002,Mumbai,2026-08-01 13:37:00,2026-08-01 13:37:00,31.71,NORMAL,0.12550971085110477,NO
DEV004,Nagpur,2026-08-01 13:38:00,2026-08-01 13:38:00,101.31,SENSOR_ANOMALY,9.256541900545539,YES
DEV005,Chhatrapati Sambhajinagar,2026-08-01 13:39:00,2026-08-01 13:39:00,34.44,NORMAL,0.4836665769123946,NO
DEV004,Nagpur,2026-08-01 13:40:00,2026-08-01 13:40:00,30.64,NORMAL,-0.014866789766324077,NO
DEV001,Pune,2026-08-01 13:41:00,2026-08-01 13:41:00,24.88,NORMAL,-0.7705384192582775,NO
DEV001,Pune,2026-08-01 13:42:00,2026-08-01 13:42:00,37.28,NORMAL,0.856254672009122,NO
DEV005,Chhatrapati Sambhajinagar,2026-08-01 13:43:00,2026-08-01 13:43:00,22.11,NORMAL,-1.1339430049688173,NO
DEV001,Pune,2026-08-01 13:44:00,2026-08-01 13:44:00,26.41,NORMAL,-0.5698131426744772,NO
DEV003,Nashik,2026-08-01 13:45:00,2026-08-01 13:45:00,34.29,NORMAL,0.46398762822770856,NO
DEV004,Nagpur,2026-08-01 13:46:00,2026-08-01 13:46:00,32.18,NORMAL,0.1871704167297883,NO
DEV001,Pune,2026-08-01 13:47:00,2026-08-01 13:49:00,33.19,LATE,0.3196753378733423,NO
DEV001,Pune,2026-08-01 13:48:00,2026-08-01 13:48:00,26.62,NORMAL,-0.5422626145159163,NO
DEV001,Pune,2026-08-01 13:49:00,2026-08-01 13:49:00,24.01,NORMAL,-0.8846763216294575,NO
DEV002,Mumbai,2026-08-01 13:50:00,2026-08-01 13:50:00,25.78,NORMAL,-0.6524647271501595,NO
DEV001,Pune,2026-08-01 13:51:00,2026-08-01 13:51:00,36.33,NORMAL,0.7316213303394419,NO
DEV004,Nagpur,2026-08-01 13:52:00,2026-08-01 13:52:00,22.72,NORMAL,-1.0539152803177598,NO
DEV002,Mumbai,2026-08-01 13:53:00,2026-08-01 13:53:00,33.78,NORMAL,0.3970792026997755,NO
DEV003,Nashik,2026-08-01 13:54:00,2026-08-01 13:54:00,24.79,NORMAL,-0.7823457884690892,NO
DEV004,Nagpur,2026-08-01 13:55:00,2026-08-01 13:55:00,32.1,NORMAL,0.17667497743128915,NO
DEV005,Chhatrapati Sambhajinagar,2026-08-01 13:56:00,2026-08-01 13:56:00,34.33,NORMAL,0.46923534787695814,NO
DEV005,Chhatrapati Sambhajinagar,2026-08-01 13:57:00,2026-08-01 13:57:00,31.95,NORMAL,0.1569960287466026,NO
DEV005,Chhatrapati Sambhajinagar,2026-08-01 13:58:00,2026-08-01 13:58:00,32.06,NORMAL,0.1714272577820396,NO
DEV001,Pune,2026-08-01 13:59:00,2026-08-01 13:59:00,29.45,NORMAL,-0.17098644933150206,NO
DEV003,Nashik,2026-08-01 14:00:00,2026-08-01 14:00:00,82.78,SENSOR_ANOMALY,6.8255357730306265,YES
DEV003,Nashik,2026-08-01 14:01:00,2026-08-01 14:01:00,27.04,NORMAL,-0.487161558198795,NO
DEV001,Pune,2026-08-01 14:02:00,2026-08-01 14:02:00,32.58,NORMAL,0.23964761322228484,NO
DEV003,Nashik,2026-08-01 14:03:00,2026-08-01 14:03:00,29.92,NORMAL,-0.10932574345281808,NO
DEV001,Pune,2026-08-01 14:04:00,2026-08-01 14:04:00,25.83,NORMAL,-0.6459050775885977,NO
DEV005,Chhatrapati Sambhajinagar,2026-08-01 14:05:00,2026-08-01 14:05:00,28.0,NORMAL,-0.36121628661680266,NO
DEV005,Chhatrapati Sambhajinagar,2026-08-01 14:06:00,2026-08-01 14:06:00,26.15,NORMAL,-0.6039233203946003,NO
DEV003,Nashik,2026-08-01 14:07:00,2026-08-01 14:07:00,35.65,NORMAL,0.6424100963021974,NO
DEV005,Chhatrapati Sambhajinagar,2026-08-01 14:08:00,2026-08-01 14:08:00,26.59,NORMAL,-0.5461984042528537,NO
DEV001,Pune,2026-08-01 14:09:00,2026-08-01 14:09:00,22.7,NORMAL,-1.0565391401423847,NO
DEV002,Mumbai,2026-08-01 14:10:00,2026-08-01 14:10:00,22.03,NORMAL,-1.1444384442673166,NO
DEV002,Mumbai,2026-08-01 14:11:00,2026-08-01 14:11:00,32.06,NORMAL,0.1714272577820396,NO
DEV001,Pune,2026-08-01 14:12:00,2026-08-01 14:12:00,28.05,NORMAL,-0.3546566370552405,NO
DEV004,Nagpur,2026-08-01 14:13:00,2026-08-01 14:13:00,37.2,NORMAL,0.8457592327106229,NO
DEV001,Pune,2026-08-01 14:14:00,2026-08-01 14:14:00,26.91,NORMAL,-0.5042166470588563,NO
DEV004,Nagpur,2026-08-01 14:15:00,2026-08-01 14:15:00,26.82,NORMAL,-0.5160240162696681,NO
DEV005,Chhatrapati Sambhajinagar,2026-08-01 14:16:00,2026-08-01 14:16:00,23.09,NORMAL,-1.0053738735622002,NO
DEV002,Mumbai,2026-08-01 14:17:00,2026-08-01 14:17:00,36.57,NORMAL,0.7631076482349402,NO
DEV002,Mumbai,2026-08-01 14:18:00,2026-08-01 14:18:00,26.28,NORMAL,-0.5868682315345386,NO
DEV002,Mumbai,2026-08-01 14:19:00,2026-08-01 14:19:00,35.81,NORMAL,0.6634009748991966,NO
DEV004,Nagpur,2026-08-01 14:20:00,2026-08-01 14:20:00,25.02,NORMAL,-0.7521714004859035,NO
DEV005,Chhatrapati Sambhajinagar,2026-08-01 14:21:00,2026-08-01 14:21:00,30.8,NORMAL,0.00612408883067464,NO
DEV002,Mumbai,2026-08-01 14:22:00,2026-08-01 14:22:00,30.61,NORMAL,-0.018802579503261484,NO
DEV005,Chhatrapati Sambhajinagar,2026-08-01 14:23:00,2026-08-01 14:23:00,32.09,NORMAL,0.175363047518977,NO
DEV003,Nashik,2026-08-01 14:24:00,2026-08-01 14:24:00,27.17,NORMAL,-0.47010646933873323,NO
DEV003,Nashik,2026-08-01 14:25:00,2026-08-01 14:25:00,34.82,NORMAL,0.5335199135802668,NO
DEV004,Nagpur,2026-08-01 14:26:00,2026-08-01 14:36:00,32.86,LATE,0.2763816507670327,NO
DEV005,Chhatrapati Sambhajinagar,2026-08-01 14:27:00,2026-08-01 14:27:00,22.44,NORMAL,-1.0906493178625074,NO
DEV004,Nagpur,2026-08-01 14:28:00,2026-08-01 14:28:00,31.59,NORMAL,0.1097665519033556,NO
DEV003,Nashik,2026-08-01 14:29:00,2026-08-01 14:29:00,27.63,NORMAL,-0.4097576933723623,NO
DEV002,Mumbai,2026-08-01 14:30:00,2026-08-01 14:30:00,25.59,NORMAL,-0.6773913954840955,NO
DEV005,Chhatrapati Sambhajinagar,2026-08-01 14:31:00,2026-08-01 14:31:00,22.95,NORMAL,-1.023740892334574,NO
DEV002,Mumbai,2026-08-01 14:32:00,2026-08-01 14:32:00,37.77,NORMAL,0.9205392377124307,NO
DEV002,Mumbai,2026-08-01 14:33:00,2026-08-01 14:33:00,36.09,NORMAL,0.7001350124439445,NO
DEV004,Nagpur,2026-08-01 14:34:00,2026-08-01 14:34:00,29.59,NORMAL,-0.15261943055912813,NO
DEV005,Chhatrapati Sambhajinagar,2026-08-01 14:35:00,2026-08-01 14:35:00,28.75,NORMAL,-0.2628215431933713,NO
DEV005,Chhatrapati Sambhajinagar,2026-08-01 14:36:00,2026-08-01 14:36:00,31.83,NORMAL,0.14125286979885346,NO
DEV005,Chhatrapati Sambhajinagar,2026-08-01 14:37:00,2026-08-01 14:37:00,36.1,NORMAL,0.7014469423562566,NO
DEV002,Mumbai,2026-08-01 14:38:00,2026-08-01 14:42:00,33.92,LATE,0.4154462214721494,NO
DEV004,Nagpur,2026-08-01 14:39:00,2026-08-01 14:39:00,30.01,NORMAL,-0.09751837424200632,NO
DEV005,Chhatrapati Sambhajinagar,2026-08-01 14:40:00,2026-08-01 14:40:00,30.65,NORMAL,-0.013554859854011921,NO
DEV001,Pune,2026-08-01 14:24:00,2026-08-01 14:41:00,25.34,BACKDATED,-0.710189643291906,NO
DEV005,Chhatrapati Sambhajinagar,2026-08-01 14:42:00,2026-08-01 14:42:00,27.96,NORMAL,-0.36646400626605224,NO
DEV004,Nagpur,2026-08-01 14:43:00,2026-08-01 14:43:00,37.66,NORMAL,0.9061080086769933,NO
DEV005,Chhatrapati Sambhajinagar,2026-08-01 14:44:00,2026-08-01 14:44:00,36.1,NORMAL,0.7014469423562566,NO
DEV001,Pune,2026-08-01 14:45:00,2026-08-01 14:45:00,31.31,NORMAL,0.07303251435860773,NO
DEV001,Pune,2026-08-01 14:46:00,2026-08-01 14:46:00,33.02,NORMAL,0.2973725293640319,NO
DEV003,Nashik,2026-08-01 14:47:00,2026-08-01 14:47:00,24.81,NORMAL,-0.7797219286444644,NO
DEV003,Nashik,2026-08-01 14:48:00,2026-08-01 14:48:00,28.67,NORMAL,-0.2733169824918704,NO
DEV001,Pune,2026-08-01 14:49:00,2026-08-01 14:49:00,37.09,NORMAL,0.8313280036751863,NO
DEV004,Nagpur,2026-08-01 14:50:00,2026-08-01 14:50:00,36.09,NORMAL,0.7001350124439445,NO
DEV002,Mumbai,2026-08-01 14:51:00,2026-08-01 14:51:00,25.81,NORMAL,-0.6485289374132226,NO
DEV004,Nagpur,2026-08-01 14:52:00,2026-08-01 14:52:00,28.62,NORMAL,-0.2798766320534326,NO
DEV002,Mumbai,2026-08-01 14:53:00,2026-08-01 14:53:00,35.82,NORMAL,0.6647129048115088,NO
DEV002,Mumbai,2026-08-01 14:54:00,2026-08-01 14:54:00,27.37,NORMAL,-0.44386787109248493,NO
DEV001,Pune,2026-08-01 14:55:00,2026-08-01 14:55:00,32.7,NORMAL,0.2553907721700345,NO
DEV003,Nashik,2026-08-01 14:56:00,2026-08-01 14:56:00,35.03,NORMAL,0.5610704417388278,NO
DEV003,Nashik,2026-08-01 14:57:00,2026-08-01 14:57:00,22.46,NORMAL,-1.0880254580378825,NO
DEV003,Nashik,2026-08-01 14:58:00,2026-08-01 14:58:00,24.65,NORMAL,-0.8007128072414631,NO
DEV003,Nashik,2026-08-01 14:59:00,2026-08-01 14:59:00,31.96,NORMAL,0.15830795865891523,NO
DEV005,Chhatrapati Sambhajinagar,2026-08-01 15:00:00,2026-08-01 15:00:00,26.44,NORMAL,-0.5658773529375398,NO
DEV004,Nagpur,2026-08-01 15:01:00,2026-08-01 15:01:00,25.89,NORMAL,-0.638033498114723,NO
DEV003,Nashik,2026-08-01 15:02:00,2026-08-01 15:02:00,33.83,NORMAL,0.40363885226133717,NO
DEV004,Nagpur,2026-08-01 15:03:00,2026-08-01 15:05:00,23.56,LATE,-0.9437131676835168,NO
DEV001,Pune,2026-08-01 15:04:00,2026-08-01 15:04:00,24.25,NORMAL,-0.8531900037339597,NO
DEV001,Pune,2026-08-01 15:05:00,2026-08-01 15:05:00,30.0,NORMAL,-0.09883030415431895,NO
DEV005,Chhatrapati Sambhajinagar,2026-08-01 15:06:00,2026-08-01 15:06:00,23.26,NORMAL,-0.9830710650528889,NO
DEV005,Chhatrapati Sambhajinagar,2026-08-01 15:07:00,2026-08-01 15:07:00,29.47,NORMAL,-0.1683625895068773,NO
DEV003,Nashik,2026-08-01 15:08:00,2026-08-01 15:08:00,29.25,NORMAL,-0.19722504757775036,NO
DEV003,Nashik,2026-08-01 15:09:00,2026-08-01 15:09:00,33.55,NORMAL,0.3669048147165893,NO
DEV004,Nagpur,2026-08-01 15:10:00,2026-08-01 15:10:00,23.97,NORMAL,-0.8899240412787076,NO
DEV005,Chhatrapati Sambhajinagar,2026-08-01 14:42:00,2026-08-01 15:11:00,26.16,BACKDATED,-0.6026113904822877,NO
DEV003,Nashik,2026-08-01 15:12:00,2026-08-01 15:12:00,31.47,NORMAL,0.09402339295560645,NO
DEV003,Nashik,2026-08-01 15:13:00,2026-08-01 15:13:00,22.64,NORMAL,-1.064410719616259,NO
DEV002,Mumbai,2026-08-01 15:14:00,2026-08-01 15:14:00,28.2,NORMAL,-0.3349776883705544,NO
DEV005,Chhatrapati Sambhajinagar,2026-08-01 15:15:00,2026-08-01 15:15:00,37.77,NORMAL,0.9205392377124307,NO
DEV003,Nashik,2026-08-01 15:16:00,2026-08-01 15:16:00,23.69,NORMAL,-0.926658078823455,NO
DEV001,Pune,2026-08-01 15:17:00,2026-08-01 15:17:00,23.47,NORMAL,-0.9555205368943285,NO
DEV003,Nashik,2026-08-01 15:18:00,2026-08-01 15:18:00,28.4,NORMAL,-0.3087390901243061,NO
DEV002,Mumbai,2026-08-01 15:19:00,2026-08-01 15:19:00,23.98,NORMAL,-0.888612111366395,NO
DEV003,Nashik,2026-08-01 15:20:00,2026-08-01 15:20:00,33.32,NORMAL,0.3367304267334041,NO
DEV005,Chhatrapati Sambhajinagar,2026-08-01 15:21:00,2026-08-01 15:21:00,33.36,NORMAL,0.34197814638265367,NO
DEV005,Chhatrapati Sambhajinagar,2026-08-01 15:22:00,2026-08-01 15:30:00,33.08,LATE,0.30524410883790576,NO
DEV002,Mumbai,2026-08-01 15:23:00,2026-08-01 15:23:00,33.53,NORMAL,0.364280954891965,NO
DEV002,Mumbai,2026-08-01 15:24:00,2026-08-01 15:24:00,29.15,NORMAL,-0.21034434670087473,NO
DEV004,Nagpur,2026-08-01 15:25:00,2026-08-01 15:25:00,33.33,NORMAL,0.33804235664571625,NO
DEV005,Chhatrapati Sambhajinagar,2026-08-01 15:26:00,2026-08-01 15:26:00,35.65,NORMAL,0.6424100963021974,NO
DEV001,Pune,2026-08-01 15:27:00,2026-08-01 15:36:00,27.99,LATE,-0.3625282165291153,NO
DEV005,Chhatrapati Sambhajinagar,2026-08-01 15:28:00,2026-08-01 15:28:00,24.21,NORMAL,-0.8584377233832092,NO
DEV001,Pune,2026-08-01 15:29:00,2026-08-01 15:29:00,24.79,NORMAL,-0.7823457884690892,NO
DEV003,Nashik,2026-08-01 15:30:00,2026-08-01 15:30:00,25.81,NORMAL,-0.6485289374132226,NO
DEV004,Nagpur,2026-08-01 15:31:00,2026-08-01 15:31:00,32.89,NORMAL,0.2803174405039701,NO
DEV001,Pune,2026-08-01 15:32:00,2026-08-01 15:32:00,26.94,NORMAL,-0.5002808573219188,NO
DEV002,Mumbai,2026-08-01 15:33:00,2026-08-01 15:33:00,34.67,NORMAL,0.5138409648955808,NO
DEV001,Pune,2026-08-01 15:34:00,2026-08-01 15:40:00,35.19,LATE,0.582061320335826,NO
DEV002,Mumbai,2026-08-01 15:35:00,2026-08-01 15:35:00,24.85,NORMAL,-0.7744742089952144,NO
DEV001,Pune,2026-08-01 15:36:00,2026-08-01 15:36:00,30.56,NORMAL,-0.02536222906482367,NO
DEV001,Pune,2026-08-01 15:37:00,2026-08-01 15:37:00,32.93,NORMAL,0.2855651601532197,NO
DEV005,Chhatrapati Sambhajinagar,2026-08-01 15:38:00,2026-08-01 15:43:00,34.16,LATE,0.44693253936764676,NO
DEV005,Chhatrapati Sambhajinagar,2026-08-01 15:39:00,2026-08-01 15:39:00,31.76,NORMAL,0.13206936041266695,NO
DEV004,Nagpur,2026-08-01 15:40:00,2026-08-01 15:40:00,35.67,NORMAL,0.6450339561268227,NO
DEV005,Chhatrapati Sambhajinagar,2026-08-01 15:41:00,2026-08-01 15:41:00,25.13,NORMAL,-0.737740171450467,NO
DEV001,Pune,2026-08-01 15:42:00,2026-08-01 15:42:00,31.29,NORMAL,0.07040865453398296,NO
DEV002,Mumbai,2026-08-01 15:43:00,2026-08-01 15:43:00,27.34,NORMAL,-0.44780366082942236,NO
DEV001,Pune,2026-08-01 15:44:00,2026-08-01 15:44:00,24.42,NORMAL,-0.8308871952246484,NO
DEV001,Pune,2026-08-01 15:45:00,2026-08-01 15:45:00,30.44,NORMAL,-0.04110538801257236,NO
DEV003,Nashik,2026-08-01 15:46:00,2026-08-01 15:46:00,35.04,NORMAL,0.5623823716511399,NO
DEV004,Nagpur,2026-08-01 15:47:00,2026-08-01 15:47:00,26.71,NORMAL,-0.5304552453051046,NO
DEV002,Mumbai,2026-08-01 15:48:00,2026-08-01 15:48:00,29.28,NORMAL,-0.19328925784081294,NO
DEV001,Pune,2026-08-01 15:49:00,2026-08-01 15:49:00,26.79,NORMAL,-0.5199598060066054,NO
DEV001,Pune,2026-08-01 15:50:00,2026-08-01 15:50:00,28.39,NORMAL,-0.3100510200366183,NO
DEV001,Pune,2026-08-01 15:51:00,2026-08-01 15:51:00,25.43,NORMAL,-0.6983822740810943,NO
DEV002,Mumbai,2026-08-01 15:52:00,2026-08-01 15:52:00,29.63,NORMAL,-0.14737171090987858,NO
DEV002,Mumbai,2026-08-01 15:53:00,2026-08-01 15:53:00,34.04,NORMAL,0.43118938041989807,NO
DEV005,Chhatrapati Sambhajinagar,2026-08-01 15:54:00,2026-08-01 15:54:00,31.04,NORMAL,0.03761040672617248,NO
DEV003,Nashik,2026-08-01 15:55:00,2026-08-01 15:55:00,22.26,NORMAL,-1.1142640562841308,NO
DEV001,Pune,2026-08-01 15:27:00,2026-08-01 15:56:00,35.54,BACKDATED,0.6279788672667609,NO
DEV005,Chhatrapati Sambhajinagar,2026-08-01 15:57:00,2026-08-01 15:57:00,35.29,NORMAL,0.5951806194589504,NO
DEV001,Pune,2026-08-01 15:58:00,2026-08-01 15:58:00,36.42,NORMAL,0.743428699550254,NO
DEV003,Nashik,2026-08-01 15:59:00,2026-08-01 15:59:00,22.54,NORMAL,-1.0775300187393835,NO
DEV002,Mumbai,2026-08-01 16:00:00,2026-08-01 16:00:00,24.07,NORMAL,-0.8768047421555832,NO
DEV002,Mumbai,2026-08-01 16:01:00,2026-08-01 16:01:00,32.12,NORMAL,0.17929883725591347,NO
DEV002,Mumbai,2026-08-01 16:02:00,2026-08-01 16:02:00,30.19,NORMAL,-0.07390363582038283,NO
DEV005,Chhatrapati Sambhajinagar,2026-08-01 16:03:00,2026-08-01 16:03:00,26.34,NORMAL,-0.5789966520606642,NO
DEV003,Nashik,2026-08-01 16:04:00,2026-08-01 16:04:00,35.9,NORMAL,0.6752083441100079,NO
DEV002,Mumbai,2026-08-01 16:05:00,2026-08-01 16:05:00,26.82,NORMAL,-0.5160240162696681,NO
DEV005,Chhatrapati Sambhajinagar,2026-08-01 16:06:00,2026-08-01 16:06:00,24.51,NORMAL,-0.8190798260138366,NO
DEV002,Mumbai,2026-08-01 16:07:00,2026-08-01 16:07:00,32.26,NORMAL,0.1976658560282874,NO
DEV004,Nagpur,2026-08-01 16:08:00,2026-08-01 16:08:00,34.65,NORMAL,0.5112171050709555,NO
DEV005,Chhatrapati Sambhajinagar,2026-08-01 16:09:00,2026-08-01 16:09:00,32.54,NORMAL,0.23439989357303528,NO
DEV005,Chhatrapati Sambhajinagar,2026-08-01 16:10:00,2026-08-01 16:10:00,33.65,NORMAL,0.3800241138397137,NO
DEV005,Chhatrapati Sambhajinagar,2026-08-01 16:11:00,2026-08-01 16:11:00,32.3,NORMAL,0.20291357567753698,NO
DEV005,Chhatrapati Sambhajinagar,2026-08-01 16:12:00,2026-08-01 16:12:00,25.43,NORMAL,-0.6983822740810943,NO
DEV004,Nagpur,2026-08-01 16:13:00,2026-08-01 16:13:00,30.14,NORMAL,-0.08046328538194501,NO
DEV002,Mumbai,2026-08-01 16:14:00,2026-08-01 16:14:00,25.73,NORMAL,-0.6590243767117216,NO
DEV005,Chhatrapati Sambhajinagar,2026-08-01 16:15:00,2026-08-01 16:15:00,32.5,NORMAL,0.22915217392378573,NO
DEV005,Chhatrapati Sambhajinagar,2026-08-01 16:16:00,2026-08-01 16:16:00,32.7,NORMAL,0.2553907721700345,NO
DEV001,Pune,2026-08-01 16:17:00,2026-08-01 16:17:00,36.27,NORMAL,0.7237497508655679,NO
DEV005,Chhatrapati Sambhajinagar,2026-08-01 16:05:00,2026-08-01 16:18:00,34.78,BACKDATED,0.5282721939310173,NO
DEV004,Nagpur,2026-08-01 16:19:00,2026-08-01 16:19:00,35.97,NORMAL,0.6843918534961948,NO
DEV005,Chhatrapati Sambhajinagar,2026-08-01 16:20:00,2026-08-01 16:20:00,33.28,NORMAL,0.3314827070841545,NO
DEV002,Mumbai,2026-08-01 16:21:00,2026-08-01 16:21:00,102.54,SENSOR_ANOMALY,9.417909279759966,YES
DEV001,Pune,2026-08-01 16:22:00,2026-08-01 16:22:00,25.68,NORMAL,-0.6655840262732838,NO
DEV004,Nagpur,2026-08-01 16:23:00,2026-08-01 16:23:00,32.24,NORMAL,0.1950419962036631,NO
DEV005,Chhatrapati Sambhajinagar,2026-08-01 16:24:00,2026-08-01 16:24:00,34.7,NORMAL,0.5177767546325182,NO
DEV002,Mumbai,2026-08-01 16:25:00,2026-08-01 16:25:00,34.66,NORMAL,0.5125290349832677,NO
DEV004,Nagpur,2026-08-01 16:26:00,2026-08-01 16:26:00,36.97,NORMAL,0.8155848447274368,NO
DEV001,Pune,2026-08-01 16:27:00,2026-08-01 16:27:00,37.64,NORMAL,0.903484148852369,NO
DEV005,Chhatrapati Sambhajinagar,2026-08-01 16:28:00,2026-08-01 16:28:00,31.78,NORMAL,0.13469322023729172,NO
DEV002,Mumbai,2026-08-01 16:29:00,2026-08-01 16:29:00,26.57,NORMAL,-0.5488222640774785,NO
DEV004,Nagpur,2026-08-01 16:30:00,2026-08-01 16:30:00,26.7,NORMAL,-0.5317671752174172,NO
DEV003,Nashik,2026-08-01 16:31:00,2026-08-01 16:31:00,36.48,NORMAL,0.751300279024128,NO
DEV001,Pune,2026-08-01 16:32:00,2026-08-01 16:32:00,25.02,NORMAL,-0.7521714004859035,NO
DEV002,Mumbai,2026-08-01 16:33:00,2026-08-01 16:33:00,29.27,NORMAL,-0.19460118775312557,NO
DEV004,Nagpur,2026-08-01 16:34:00,2026-08-01 16:34:00,22.07,NORMAL,-1.139190724618067,NO
DEV003,Nashik,2026-08-01 16:35:00,2026-08-01 16:35:00,36.81,NORMAL,0.7945939661304384,NO
DEV003,Nashik,2026-08-01 16:36:00,2026-08-01 16:36:00,23.73,NORMAL,-0.9214103591742054,NO
DEV002,Mumbai,2026-08-01 16:37:00,2026-08-01 16:37:00,24.64,NORMAL,-0.8020247371537753,NO
DEV001,Pune,2026-08-01 16:38:00,2026-08-01 16:38:00,29.08,NORMAL,-0.21952785608706168,NO
DEV002,Mumbai,2026-08-01 16:39:00,2026-08-01 16:39:00,22.92,NORMAL,-1.027676682071511,NO
