session,series,block,stmt,label,type,config,group,measured_runs,clean_runs,excluded_flagged,repeated_attempts,flagged_attempts_all_kinds,checks_ok,attempts_checked,plan_shapes,exec_ms_median,exec_ms_p25,exec_ms_p75,exec_ms_min,exec_ms_max,per_row_ms_median,per_row_ms_p25,per_row_ms_p75,per_row_ms_min,per_row_ms_max,planning_ms_median,planning_ms_p25,planning_ms_p75,planning_ms_min,planning_ms_max,client_total_ms_median,client_total_ms_p25,client_total_ms_p75,client_total_ms_min,client_total_ms_max,client_commit_ms_median,client_commit_ms_p25,client_commit_ms_p75,client_commit_ms_min,client_commit_ms_max,explain_wal_records_median,explain_wal_records_min,explain_wal_records_max,explain_wal_bytes_median,explain_wal_bytes_min,explain_wal_bytes_max,explain_wal_fpi_median,explain_wal_fpi_min,explain_wal_fpi_max,loop_wal_bytes_median,loop_wal_bytes_min,loop_wal_bytes_max,lsn_diff_bytes_median,lsn_diff_bytes_min,lsn_diff_bytes_max,commit_and_page_overhead_bytes_median,commit_and_page_overhead_bytes_min,commit_and_page_overhead_bytes_max,stat_wal_records_median,stat_wal_records_min,stat_wal_records_max,stat_wal_fpi_median,stat_wal_fpi_min,stat_wal_fpi_max,stat_wal_bytes_median,stat_wal_bytes_min,stat_wal_bytes_max,stat_wal_buffers_full_median,stat_wal_buffers_full_min,stat_wal_buffers_full_max,stat_wal_write_median,stat_wal_write_min,stat_wal_write_max,stat_wal_sync_median,stat_wal_sync_min,stat_wal_sync_max,stat_wal_sync_ms_median,stat_wal_sync_ms_min,stat_wal_sync_ms_max,shared_hit_median,shared_hit_min,shared_hit_max,shared_read_median,shared_read_min,shared_read_max,shared_dirtied_median,shared_dirtied_min,shared_dirtied_max,shared_written_median,shared_written_min,shared_written_max,io_writes_median,io_writes_min,io_writes_max,io_extends_median,io_extends_min,io_extends_max,io_fsyncs_median,io_fsyncs_min,io_fsyncs_max,rows_inserted_median,rows_inserted_min,rows_inserted_max,rows_updated_median,rows_updated_min,rows_updated_max,hot_updates_median,hot_updates_min,hot_updates_max,newpage_updates_median,newpage_updates_min,newpage_updates_max,live_after_median,live_after_min,live_after_max,dead_after_median,dead_after_min,dead_after_max,heap_bytes_before_median,heap_bytes_before_min,heap_bytes_before_max,heap_bytes_after_median,heap_bytes_after_min,heap_bytes_after_max,heap_growth_median,heap_growth_min,heap_growth_max,heap_pages_after_median,heap_pages_after_min,heap_pages_after_max,toast_bytes_after_median,toast_bytes_after_min,toast_bytes_after_max,toast_growth_median,toast_growth_min,toast_growth_max,toast_index_growth_median,toast_index_growth_min,toast_index_growth_max,pkey_growth_median,pkey_growth_min,pkey_growth_max,secondary_index_bytes_before_median,secondary_index_bytes_before_min,secondary_index_bytes_before_max,secondary_index_bytes_after_median,secondary_index_bytes_after_min,secondary_index_bytes_after_max,secondary_index_growth_median,secondary_index_growth_min,secondary_index_growth_max,docs_compressed_before_median,docs_compressed_before_min,docs_compressed_before_max,docs_compressed_after_median,docs_compressed_after_min,docs_compressed_after_max,docs_external_after_median,docs_external_after_min,docs_external_after_max,doc_stored_bytes_after_median,doc_stored_bytes_after_min,doc_stored_bytes_after_max,updated_text_differs_median,updated_text_differs_min,updated_text_differs_max,updated_stored_text_bytes_median,updated_stored_text_bytes_min,updated_stored_text_bytes_max,updated_expected_text_bytes_median,updated_expected_text_bytes_min,updated_expected_text_bytes_max
1,W1/json/X-0,W1,W1,json,json,X-0,head-to-head,15,15,0,0,0,True,19,ModifyTable on access_log_json_w [Index Scan using canonical_doc_pkey],165.658,150.116,191.092,85.726,207.925,,,,,,0.053,0.049,0.08,0.045,0.195,170.925,154.519,198.483,90.226,213.603,4.828,4.039,6.749,2.665,11.336,10014.0,10014.0,10014.0,9059086.0,9059086.0,9059086.0,0.0,0.0,0.0,,,,9103072.0,9103048.0,9103088.0,43986.0,43962.0,44002.0,10015.0,10015.0,10015.0,0.0,0.0,0.0,9059120.0,9059120.0,9059120.0,487.0,111.0,601.0,490.0,114.0,603.0,0.0,0.0,0.0,0.0,0.0,0.0,18373.0,18373.0,18373.0,0.0,0.0,0.0,1267.0,1267.0,1267.0,1268.0,1268.0,1268.0,0.0,0.0,0.0,1268.0,1268.0,1268.0,0.0,0.0,0.0,5000.0,5000.0,5000.0,0.0,0.0,0.0,0.0,0.0,0.0,0.0,0.0,0.0,5000.0,5000.0,5000.0,0.0,0.0,0.0,0.0,0.0,0.0,10240000.0,10240000.0,10240000.0,10240000.0,10240000.0,10240000.0,1250.0,1250.0,1250.0,0.0,0.0,0.0,0.0,0.0,0.0,0.0,0.0,0.0,122880.0,122880.0,122880.0,0.0,0.0,0.0,0.0,0.0,0.0,0.0,0.0,0.0,0.0,0.0,0.0,1.0,1.0,1.0,0.0,0.0,0.0,8434066.0,8434066.0,8434066.0,0.0,0.0,0.0,0.0,0.0,0.0,0.0,0.0,0.0
1,W1/json/X-1,W1,W1,json,json,X-1,head-to-head,15,15,0,1,1,True,20,ModifyTable on access_log_json_w [Index Scan using canonical_doc_pkey],731.528,670.757,861.353,599.736,1003.787,,,,,,0.05,0.048,0.064,0.046,0.097,733.6419999999999,673.085,871.813,603.101,1015.732,4.566,2.882,11.246,1.443,19.605,35281.0,35281.0,35281.0,10955870.0,10955870.0,10955870.0,0.0,0.0,0.0,,,,11006008.0,11005984.0,11006024.0,50138.0,50114.0,50154.0,35282.0,35282.0,35282.0,0.0,0.0,0.0,10955904.0,10955904.0,10955904.0,78.0,0.0,311.0,83.0,5.0,316.0,0.0,0.0,0.0,0.0,0.0,0.0,63894.0,63894.0,63894.0,0.0,0.0,0.0,1338.0,1338.0,1338.0,1334.0,1334.0,1334.0,0.0,0.0,0.0,1334.0,1334.0,1334.0,0.0,0.0,0.0,5000.0,5000.0,5000.0,0.0,0.0,0.0,0.0,0.0,0.0,0.0,0.0,0.0,5000.0,5000.0,5000.0,0.0,0.0,0.0,0.0,0.0,0.0,10240000.0,10240000.0,10240000.0,10240000.0,10240000.0,10240000.0,1250.0,1250.0,1250.0,0.0,0.0,0.0,0.0,0.0,0.0,0.0,0.0,0.0,122880.0,122880.0,122880.0,40960.0,40960.0,40960.0,581632.0,581632.0,581632.0,540672.0,540672.0,540672.0,0.0,0.0,0.0,1.0,1.0,1.0,0.0,0.0,0.0,8434066.0,8434066.0,8434066.0,0.0,0.0,0.0,0.0,0.0,0.0,0.0,0.0,0.0
1,W1/jsonb/X-0,W1,W1,jsonb,jsonb,X-0,head-to-head,15,15,0,0,0,True,19,ModifyTable on access_log_jsonb_w [Index Scan using canonical_doc_pkey],301.826,291.663,361.076,261.621,396.557,,,,,,0.052,0.05,0.062,0.042,0.192,315.574,292.601,365.022,265.933,401.842,4.346,3.911,5.271,0.548,14.699,10014.0,10014.0,10014.0,7844703.0,7844703.0,7844703.0,0.0,0.0,0.0,,,,7884288.0,7884272.0,7884352.0,39585.0,39569.0,39649.0,10015.0,10015.0,10016.0,0.0,0.0,0.0,7844737.0,7844737.0,7844791.0,155.0,1.0,366.0,158.0,3.0,370.0,0.0,0.0,0.0,0.0,0.0,0.0,18397.0,18397.0,18397.0,0.0,0.0,0.0,998.0,998.0,998.0,999.0,999.0,999.0,0.0,0.0,0.0,999.0,999.0,999.0,0.0,0.0,0.0,5000.0,5000.0,5000.0,0.0,0.0,0.0,0.0,0.0,0.0,0.0,0.0,0.0,5000.0,5000.0,5000.0,0.0,0.0,0.0,0.0,0.0,0.0,8036352.0,8036352.0,8036352.0,8036352.0,8036352.0,8036352.0,981.0,981.0,981.0,0.0,0.0,0.0,0.0,0.0,0.0,0.0,0.0,0.0,122880.0,122880.0,122880.0,0.0,0.0,0.0,0.0,0.0,0.0,0.0,0.0,0.0,0.0,0.0,0.0,2880.0,2880.0,2880.0,0.0,0.0,0.0,7219683.0,7219683.0,7219683.0,,,,,,,,,
1,W1/jsonb/X-1,W1,W1,jsonb,jsonb,X-1,head-to-head,15,14,1,0,1,True,19,ModifyTable on access_log_jsonb_w [Index Scan using canonical_doc_pkey],371.331,339.79,440.733,329.261,486.032,,,,,,0.058,0.05,0.064,0.046,0.104,375.978,353.57599999999996,466.655,333.03999999999996,491.928,4.869,4.196,13.324,2.433,25.032,35284.0,35284.0,35284.0,9741849.0,9741849.0,9741849.0,0.0,0.0,0.0,,,,9788272.0,9788264.0,9788328.0,46423.0,46415.0,46479.0,35285.0,35285.0,35286.0,0.0,0.0,0.0,9741883.0,9741883.0,9741937.0,189.0,71.0,608.0,192.0,74.0,612.0,0.0,0.0,0.0,0.0,0.0,0.0,63918.0,63918.0,63918.0,0.0,0.0,0.0,1069.0,1069.0,1069.0,1065.0,1065.0,1065.0,0.0,0.0,0.0,1065.0,1065.0,1065.0,0.0,0.0,0.0,5000.0,5000.0,5000.0,0.0,0.0,0.0,0.0,0.0,0.0,0.0,0.0,0.0,5000.0,5000.0,5000.0,0.0,0.0,0.0,0.0,0.0,0.0,8036352.0,8036352.0,8036352.0,8036352.0,8036352.0,8036352.0,981.0,981.0,981.0,0.0,0.0,0.0,0.0,0.0,0.0,0.0,0.0,0.0,122880.0,122880.0,122880.0,40960.0,40960.0,40960.0,581632.0,581632.0,581632.0,540672.0,540672.0,540672.0,0.0,0.0,0.0,2880.0,2880.0,2880.0,0.0,0.0,0.0,7219683.0,7219683.0,7219683.0,,,,,,,,,
1,W1/jsonb/X-2,W1,W1,jsonb,jsonb,X-2,separate: GIN (jsonb only),15,15,0,0,0,True,19,ModifyTable on access_log_jsonb_w [Index Scan using canonical_doc_pkey],1295.759,1206.614,1356.374,1078.608,1457.142,,,,,,0.061,0.051,0.074,0.047,0.106,1299.743,1211.191,1361.861,1083.389,1459.5520000000001,4.37,3.316,5.946,1.896,15.663,87077.0,87077.0,87077.0,27427915.0,27427915.0,27427915.0,743.0,743.0,743.0,,,,27719608.0,27719584.0,27960488.0,291693.0,291669.0,532573.0,87078.0,87078.0,87271.0,743.0,743.0,801.0,27427949.0,27427949.0,27667153.0,1372.0,463.0,2327.0,1381.0,471.0,2336.0,0.0,0.0,0.0,0.0,0.0,0.0,191879.0,191879.0,191879.0,0.0,0.0,0.0,2002.0,2002.0,2002.0,1996.0,1996.0,1996.0,0.0,0.0,0.0,1996.0,1996.0,1996.0,0.0,0.0,0.0,5000.0,5000.0,5000.0,0.0,0.0,0.0,0.0,0.0,0.0,0.0,0.0,0.0,5000.0,5000.0,5000.0,0.0,0.0,0.0,0.0,0.0,0.0,8036352.0,8036352.0,8036352.0,8036352.0,8036352.0,8036352.0,981.0,981.0,981.0,0.0,0.0,0.0,0.0,0.0,0.0,0.0,0.0,0.0,122880.0,122880.0,122880.0,57344.0,57344.0,57344.0,8200192.0,8200192.0,8200192.0,8142848.0,8142848.0,8142848.0,0.0,0.0,0.0,2880.0,2880.0,2880.0,0.0,0.0,0.0,7219683.0,7219683.0,7219683.0,,,,,,,,,
1,W1/jsonb/X-3,W1,W1,jsonb,jsonb,X-3,separate: GIN (jsonb only),15,15,0,0,0,True,19,ModifyTable on access_log_jsonb_w [Index Scan using canonical_doc_pkey],823.623,742.225,851.409,707.706,1032.656,,,,,,0.058,0.054,0.064,0.045,0.087,829.346,746.813,857.66,713.2379999999999,1036.192,4.85,4.198,5.697,3.022,22.175,69157.0,69157.0,69157.0,20348036.0,20348036.0,20348036.0,470.0,470.0,470.0,,,,20549024.0,20549000.0,20549072.0,200988.0,200964.0,201036.0,69158.0,69158.0,69159.0,470.0,470.0,470.0,20348070.0,20348070.0,20348124.0,1143.0,533.0,1422.0,1149.0,538.0,1427.0,0.0,0.0,0.0,0.0,0.0,0.0,132811.0,132811.0,132811.0,0.0,0.0,0.0,1847.0,1847.0,1847.0,1841.0,1841.0,1841.0,0.0,0.0,0.0,1841.0,1841.0,1841.0,0.0,0.0,0.0,5000.0,5000.0,5000.0,0.0,0.0,0.0,0.0,0.0,0.0,0.0,0.0,0.0,5000.0,5000.0,5000.0,0.0,0.0,0.0,0.0,0.0,0.0,8036352.0,8036352.0,8036352.0,8036352.0,8036352.0,8036352.0,981.0,981.0,981.0,0.0,0.0,0.0,0.0,0.0,0.0,0.0,0.0,0.0,122880.0,122880.0,122880.0,57344.0,57344.0,57344.0,6930432.0,6930432.0,6930432.0,6873088.0,6873088.0,6873088.0,0.0,0.0,0.0,2880.0,2880.0,2880.0,0.0,0.0,0.0,7219683.0,7219683.0,7219683.0,,,,,,,,,
1,W1/jsonb/X-4,W1,W1,jsonb,jsonb,X-4,separate: GIN (jsonb only),15,15,0,0,0,True,19,ModifyTable on access_log_jsonb_w [Index Scan using canonical_doc_pkey],1606.402,1499.5,1900.273,1460.585,2009.881,,,,,,0.057,0.049,0.077,0.048,0.138,1611.5230000000001,1504.737,1910.492,1466.6770000000001,2024.541,5.189,4.352,12.068,3.778,29.816,120950.0,120950.0,120950.0,38034102.0,38034102.0,38034102.0,1213.0,1213.0,1213.0,,,,38480352.0,38480336.0,38480432.0,446250.0,446234.0,446330.0,120951.0,120951.0,120952.0,1213.0,1213.0,1213.0,38034136.0,38034136.0,38034190.0,2312.0,971.0,3002.0,2321.0,981.0,3012.0,0.0,0.0,0.0,0.0,0.0,0.0,260772.0,260772.0,260772.0,0.0,0.0,0.0,2780.0,2780.0,2780.0,2772.0,2772.0,2772.0,0.0,0.0,0.0,2772.0,2772.0,2772.0,0.0,0.0,0.0,5000.0,5000.0,5000.0,0.0,0.0,0.0,0.0,0.0,0.0,0.0,0.0,0.0,5000.0,5000.0,5000.0,0.0,0.0,0.0,0.0,0.0,0.0,8036352.0,8036352.0,8036352.0,8036352.0,8036352.0,8036352.0,981.0,981.0,981.0,0.0,0.0,0.0,0.0,0.0,0.0,0.0,0.0,0.0,122880.0,122880.0,122880.0,73728.0,73728.0,73728.0,14548992.0,14548992.0,14548992.0,14475264.0,14475264.0,14475264.0,0.0,0.0,0.0,2880.0,2880.0,2880.0,0.0,0.0,0.0,7219683.0,7219683.0,7219683.0,,,,,,,,,
1,W1b/json/X-0,W1b,W1b,json,json,X-0,head-to-head,15,15,0,0,0,True,18,DO loop (250 single-row INSERT),5.13,4.705,5.757,4.6,16.721,0.02052,0.01882,0.023028,0.0184,0.066884,,,,,,8.66,7.987000000000001,9.647,7.659,33.150999999999996,0.904,0.857,1.352,0.444,9.215,,,,,,,,,,558376.0,558376.0,558416.0,558416.0,558416.0,558456.0,40.0,40.0,40.0,501.0,501.0,502.0,15.0,15.0,16.0,555847.0,555847.0,561272.0,0.0,0.0,0.0,1.0,1.0,2.0,0.0,0.0,0.0,0.0,0.0,0.0,,,,,,,,,,,,,0.0,0.0,0.0,62.0,62.0,62.0,0.0,0.0,0.0,250.0,250.0,250.0,0.0,0.0,0.0,0.0,0.0,0.0,0.0,0.0,0.0,9750.0,9750.0,9750.0,0.0,0.0,0.0,9732096.0,9732096.0,9732096.0,10240000.0,10240000.0,10240000.0,507904.0,507904.0,507904.0,1250.0,1250.0,1250.0,0.0,0.0,0.0,0.0,0.0,0.0,0.0,0.0,0.0,0.0,0.0,0.0,0.0,0.0,0.0,0.0,0.0,0.0,0.0,0.0,0.0,1.0,1.0,1.0,1.0,1.0,1.0,0.0,0.0,0.0,8434066.0,8434066.0,8434066.0,0.0,0.0,0.0,0.0,0.0,0.0,0.0,0.0,0.0
1,W1b/json/X-1,W1b,W1b,json,json,X-1,head-to-head,15,15,0,0,0,True,18,DO loop (250 single-row INSERT),33.623,32.502,34.431,31.569,99.792,0.134492,0.130008,0.13772399999999999,0.126276,0.399168,,,,,,37.602999999999994,35.926,39.64,34.951,119.096,1.309,1.088,1.374,0.431,12.299,,,,,,,,,,957016.0,956992.0,957072.0,957056.0,957032.0,957112.0,40.0,40.0,40.0,1754.0,1754.0,1756.0,62.0,62.0,64.0,953092.0,953092.0,966578.0,0.0,0.0,0.0,1.0,1.0,2.0,0.0,0.0,0.0,0.0,0.0,0.0,,,,,,,,,,,,,0.0,0.0,0.0,64.0,64.0,64.0,0.0,0.0,0.0,250.0,250.0,250.0,0.0,0.0,0.0,0.0,0.0,0.0,0.0,0.0,0.0,9750.0,5000.0,9750.0,0.0,0.0,0.0,9732096.0,9732096.0,9732096.0,10240000.0,10240000.0,10240000.0,507904.0,507904.0,507904.0,1250.0,1250.0,1250.0,0.0,0.0,0.0,0.0,0.0,0.0,0.0,0.0,0.0,0.0,0.0,0.0,475136.0,475136.0,475136.0,491520.0,491520.0,491520.0,16384.0,16384.0,16384.0,1.0,1.0,1.0,1.0,1.0,1.0,0.0,0.0,0.0,8434066.0,8434066.0,8434066.0,0.0,0.0,0.0,0.0,0.0,0.0,0.0,0.0,0.0
1,W1b/jsonb/X-0,W1b,W1b,jsonb,jsonb,X-0,head-to-head,15,15,0,1,1,True,19,DO loop (250 single-row INSERT),12.941,12.244,14.013,11.949,41.223,0.051764000000000004,0.048976,0.056052,0.047796,0.16489199999999998,,,,,,16.218,15.464,17.255999999999997,15.112,60.152,0.864,0.81,0.968,0.47,11.816,,,,,,,,,,500608.0,500608.0,500632.0,500648.0,500648.0,500672.0,40.0,40.0,40.0,501.0,501.0,501.0,14.0,14.0,14.0,498314.0,498314.0,498314.0,0.0,0.0,0.0,1.0,1.0,2.0,0.0,0.0,0.0,0.0,0.0,0.0,,,,,,,,,,,,,0.0,0.0,0.0,50.0,50.0,50.0,0.0,0.0,0.0,250.0,250.0,250.0,0.0,0.0,0.0,0.0,0.0,0.0,0.0,0.0,0.0,9750.0,5000.0,9750.0,0.0,0.0,0.0,7643136.0,7643136.0,7643136.0,8052736.0,8052736.0,8052736.0,409600.0,409600.0,409600.0,983.0,983.0,983.0,0.0,0.0,0.0,0.0,0.0,0.0,0.0,0.0,0.0,0.0,0.0,0.0,0.0,0.0,0.0,0.0,0.0,0.0,0.0,0.0,0.0,2743.0,2743.0,2743.0,2880.0,2880.0,2880.0,0.0,0.0,0.0,7219683.0,7219683.0,7219683.0,,,,,,,,,
1,W1b/jsonb/X-1,W1b,W1b,jsonb,jsonb,X-1,head-to-head,15,15,0,0,0,True,18,DO loop (250 single-row INSERT),18.164,17.717,18.684,17.468,51.407,0.07265600000000001,0.070868,0.07473600000000001,0.069872,0.20562799999999998,,,,,,22.094,21.499,23.726000000000003,20.969,59.385,1.34,1.225,1.439,1.141,3.17,,,,,,,,,,876992.0,876992.0,877008.0,877032.0,877032.0,877048.0,40.0,40.0,40.0,1754.0,1754.0,1755.0,58.0,58.0,59.0,873392.0,873392.0,878781.0,0.0,0.0,0.0,1.0,1.0,2.0,0.0,0.0,0.0,0.0,0.0,0.0,,,,,,,,,,,,,0.0,0.0,0.0,52.0,52.0,52.0,0.0,0.0,0.0,250.0,250.0,250.0,0.0,0.0,0.0,0.0,0.0,0.0,0.0,0.0,0.0,9750.0,5000.0,9750.0,0.0,0.0,0.0,7643136.0,7643136.0,7643136.0,8052736.0,8052736.0,8052736.0,409600.0,409600.0,409600.0,983.0,983.0,983.0,0.0,0.0,0.0,0.0,0.0,0.0,0.0,0.0,0.0,0.0,0.0,0.0,475136.0,475136.0,475136.0,491520.0,491520.0,491520.0,16384.0,16384.0,16384.0,2743.0,2743.0,2743.0,2880.0,2880.0,2880.0,0.0,0.0,0.0,7219683.0,7219683.0,7219683.0,,,,,,,,,
1,W1b/jsonb/X-4,W1b,W1b,jsonb,jsonb,X-4,separate: GIN (jsonb only),15,15,0,0,0,True,18,DO loop (250 single-row INSERT),44.212,42.097,47.336,41.816,81.965,0.176848,0.168388,0.18934399999999998,0.16726400000000002,0.32786000000000004,,,,,,50.71699999999999,47.794999999999995,58.42099999999999,46.091,87.776,2.23,1.975,11.131,0.763,11.909,,,,,,,,,,1675872.0,1675848.0,1675888.0,1675912.0,1675888.0,1675928.0,40.0,40.0,40.0,2384.0,2384.0,2385.0,58.0,58.0,59.0,1668660.0,1668660.0,1675465.0,0.0,0.0,0.0,2.0,1.0,2.0,0.0,0.0,0.0,0.0,0.0,0.0,,,,,,,,,,,,,0.0,0.0,0.0,182.0,182.0,182.0,0.0,0.0,0.0,250.0,250.0,250.0,0.0,0.0,0.0,0.0,0.0,0.0,0.0,0.0,0.0,5000.0,5000.0,5000.0,0.0,0.0,0.0,7643136.0,7643136.0,7643136.0,8052736.0,8052736.0,8052736.0,409600.0,409600.0,409600.0,983.0,983.0,983.0,0.0,0.0,0.0,0.0,0.0,0.0,0.0,0.0,0.0,0.0,0.0,0.0,8380416.0,8380416.0,8380416.0,9461760.0,9461760.0,9461760.0,1081344.0,1081344.0,1081344.0,2743.0,2743.0,2743.0,2880.0,2880.0,2880.0,0.0,0.0,0.0,7219683.0,7219683.0,7219683.0,,,,,,,,,
1,UA-1/json/X-0,UA-1,UA-1,json,json,X-0,head-to-head,15,15,0,0,0,True,19,ModifyTable on access_log_json_w [Hash Join [Seq Scan on access_log_json_w; Hash [Bitmap Heap Scan on expected_update [Bitmap Index Scan using expected_update_pkey]]]],19.536,19.304,20.904,15.545,26.931,,,,,,0.354,0.346,0.361,0.225,0.462,34.282,26.586,36.563,20.872,41.771,6.194,4.975,15.306,3.796,18.919,714.0,714.0,714.0,2098202.0,2098202.0,2098202.0,239.0,239.0,239.0,,,,2119136.0,2119112.0,2119152.0,20934.0,20910.0,20950.0,715.0,715.0,716.0,239.0,239.0,240.0,2098236.0,2098236.0,2103669.0,0.0,0.0,0.0,2.0,1.0,3.0,0.0,0.0,0.0,0.0,0.0,0.0,3095.0,3095.0,3095.0,0.0,0.0,0.0,303.0,303.0,303.0,60.0,60.0,60.0,0.0,0.0,0.0,60.0,60.0,60.0,0.0,0.0,0.0,0.0,0.0,0.0,238.0,238.0,238.0,0.0,0.0,0.0,238.0,238.0,238.0,10000.0,10000.0,10000.0,238.0,238.0,238.0,10240000.0,10240000.0,10240000.0,10731520.0,10731520.0,10731520.0,491520.0,491520.0,491520.0,1310.0,1310.0,1310.0,0.0,0.0,0.0,0.0,0.0,0.0,0.0,0.0,0.0,0.0,0.0,0.0,0.0,0.0,0.0,0.0,0.0,0.0,0.0,0.0,0.0,1.0,1.0,1.0,1.0,1.0,1.0,0.0,0.0,0.0,8434304.0,8434304.0,8434304.0,0.0,0.0,0.0,397664.0,397664.0,397664.0,397664.0,397664.0,397664.0
1,UA-1/json/X-1,UA-1,UA-1,json,json,X-1,head-to-head,15,15,0,0,0,True,19,ModifyTable on access_log_json_w [Hash Join [Seq Scan on access_log_json_w; Hash [Bitmap Heap Scan on expected_update [Bitmap Index Scan using expected_update_pkey]]]],93.403,87.484,101.17,42.324,110.795,,,,,,0.413,0.364,0.425,0.187,0.591,109.083,99.634,114.54299999999999,47.309000000000005,129.199,14.766,4.567,14.977,2.687,16.209,1925.0,1925.0,1925.0,2484878.0,2484878.0,2484878.0,283.0,283.0,283.0,,,,2507200.0,2507200.0,2507256.0,22322.0,22322.0,22378.0,1927.0,1926.0,1930.0,284.0,283.0,287.0,2490309.0,2484912.0,2506964.0,0.0,0.0,0.0,2.0,1.0,3.0,0.0,0.0,0.0,0.0,0.0,0.0,5429.0,5429.0,5429.0,48.0,48.0,48.0,348.0,348.0,348.0,61.0,61.0,61.0,0.0,0.0,0.0,61.0,61.0,61.0,0.0,0.0,0.0,0.0,0.0,0.0,238.0,238.0,238.0,0.0,0.0,0.0,238.0,238.0,238.0,5000.0,5000.0,5000.0,238.0,238.0,238.0,10240000.0,10240000.0,10240000.0,10731520.0,10731520.0,10731520.0,491520.0,491520.0,491520.0,1310.0,1310.0,1310.0,0.0,0.0,0.0,0.0,0.0,0.0,0.0,0.0,0.0,0.0,0.0,0.0,499712.0,499712.0,499712.0,507904.0,507904.0,507904.0,8192.0,8192.0,8192.0,1.0,1.0,1.0,1.0,1.0,1.0,0.0,0.0,0.0,8434304.0,8434304.0,8434304.0,0.0,0.0,0.0,397664.0,397664.0,397664.0,397664.0,397664.0,397664.0
1,UA-1/jsonb/X-0,UA-1,UA-1,jsonb,jsonb,X-0,head-to-head,15,15,0,0,0,True,19,ModifyTable on access_log_jsonb_w [Hash Join [Seq Scan on access_log_jsonb_w; Hash [Bitmap Heap Scan on expected_update [Bitmap Index Scan using expected_update_pkey]]]],42.023,39.953,44.823,36.06,58.936,,,,,,0.356,0.35,0.372,0.327,0.404,57.126,50.077999999999996,61.831,44.813,77.931,14.082,5.3,15.823,3.155,18.346,713.0,713.0,713.0,2225158.0,2225158.0,2225158.0,240.0,240.0,240.0,,,,2246048.0,2246048.0,2248416.0,20890.0,20890.0,23258.0,714.0,714.0,715.0,240.0,240.0,241.0,2225192.0,2225192.0,2227557.0,0.0,0.0,0.0,2.0,1.0,2.0,0.0,0.0,0.0,0.0,0.0,0.0,2833.0,2833.0,2833.0,0.0,0.0,0.0,294.0,294.0,294.0,50.0,50.0,50.0,0.0,0.0,0.0,50.0,50.0,50.0,0.0,0.0,0.0,0.0,0.0,0.0,238.0,238.0,238.0,1.0,1.0,1.0,237.0,237.0,237.0,10000.0,10000.0,10000.0,238.0,238.0,238.0,8036352.0,8036352.0,8036352.0,8445952.0,8445952.0,8445952.0,409600.0,409600.0,409600.0,1031.0,1031.0,1031.0,0.0,0.0,0.0,0.0,0.0,0.0,0.0,0.0,0.0,0.0,0.0,0.0,0.0,0.0,0.0,0.0,0.0,0.0,0.0,0.0,0.0,2880.0,2880.0,2880.0,2880.0,2880.0,2880.0,0.0,0.0,0.0,7219827.0,7219827.0,7219827.0,,,,,,,,,
1,UA-1/jsonb/X-1,UA-1,UA-1,jsonb,jsonb,X-1,head-to-head,15,15,0,0,1,True,19,ModifyTable on access_log_jsonb_w [Hash Join [Seq Scan on access_log_jsonb_w; Hash [Bitmap Heap Scan on expected_update [Bitmap Index Scan using expected_update_pkey]]]],51.243,50.489,61.763,48.952,68.392,,,,,,0.426,0.417,0.45,0.352,0.5,68.765,64.791,74.055,54.695,82.582,14.576,5.386,15.868,2.901,19.353,1925.0,1925.0,1925.0,2626690.0,2626690.0,2626690.0,286.0,286.0,286.0,,,,2649112.0,2649088.0,2651480.0,22422.0,22398.0,24790.0,1926.0,1926.0,1928.0,286.0,286.0,288.0,2626724.0,2626724.0,2635278.0,0.0,0.0,0.0,2.0,1.0,2.0,0.0,0.0,0.0,0.0,0.0,0.0,5168.0,5168.0,5168.0,50.0,50.0,50.0,341.0,341.0,341.0,51.0,51.0,51.0,0.0,0.0,0.0,51.0,51.0,51.0,0.0,0.0,0.0,0.0,0.0,0.0,238.0,238.0,238.0,0.0,0.0,0.0,237.0,237.0,237.0,10000.0,5000.0,10000.0,238.0,238.0,238.0,8036352.0,8036352.0,8036352.0,8445952.0,8445952.0,8445952.0,409600.0,409600.0,409600.0,1031.0,1031.0,1031.0,0.0,0.0,0.0,0.0,0.0,0.0,0.0,0.0,0.0,0.0,0.0,0.0,499712.0,499712.0,499712.0,507904.0,507904.0,507904.0,8192.0,8192.0,8192.0,2880.0,2880.0,2880.0,2880.0,2880.0,2880.0,0.0,0.0,0.0,7219827.0,7219827.0,7219827.0,,,,,,,,,
1,UA-1/jsonb/X-2,UA-1,UA-1,jsonb,jsonb,X-2,separate: GIN (jsonb only),15,15,0,0,0,True,19,ModifyTable on access_log_jsonb_w [Hash Join [Seq Scan on access_log_jsonb_w; Hash [Bitmap Heap Scan on expected_update [Bitmap Index Scan using expected_update_pkey]]]],100.595,95.362,106.673,87.09,129.922,,,,,,0.435,0.426,0.485,0.356,0.68,111.721,104.946,120.24300000000001,95.74999999999999,142.602,7.092,3.178,14.634,2.484,18.01,2241.0,2241.0,2241.0,3089874.0,3089874.0,3089874.0,286.0,286.0,286.0,,,,3114272.0,3114272.0,3116664.0,24398.0,24398.0,26790.0,2242.0,2242.0,2244.0,286.0,286.0,287.0,3089908.0,3089908.0,3092331.0,0.0,0.0,0.0,2.0,1.0,3.0,0.0,0.0,0.0,0.0,0.0,0.0,5643.0,5643.0,5643.0,50.0,50.0,50.0,420.0,420.0,420.0,129.0,129.0,129.0,0.0,0.0,0.0,129.0,129.0,129.0,0.0,0.0,0.0,0.0,0.0,0.0,238.0,238.0,238.0,0.0,0.0,0.0,237.0,237.0,237.0,5000.0,5000.0,5000.0,238.0,238.0,238.0,8036352.0,8036352.0,8036352.0,8445952.0,8445952.0,8445952.0,409600.0,409600.0,409600.0,1031.0,1031.0,1031.0,0.0,0.0,0.0,0.0,0.0,0.0,0.0,0.0,0.0,0.0,0.0,0.0,5021696.0,5021696.0,5021696.0,5668864.0,5668864.0,5668864.0,647168.0,647168.0,647168.0,2880.0,2880.0,2880.0,2880.0,2880.0,2880.0,0.0,0.0,0.0,7219827.0,7219827.0,7219827.0,,,,,,,,,
1,UA-1/jsonb/X-3,UA-1,UA-1,jsonb,jsonb,X-3,separate: GIN (jsonb only),15,15,0,0,0,True,19,ModifyTable on access_log_jsonb_w [Hash Join [Seq Scan on access_log_jsonb_w; Hash [Bitmap Heap Scan on expected_update [Bitmap Index Scan using expected_update_pkey]]]],77.275,69.168,81.503,61.697,95.053,,,,,,0.425,0.389,0.449,0.342,0.603,92.381,80.332,96.864,72.02799999999999,113.445,14.991,8.759,15.586,4.878,20.399,2211.0,2211.0,2211.0,2925822.0,2925822.0,2925822.0,286.0,286.0,286.0,,,,2949680.0,2949680.0,2953408.0,23858.0,23858.0,27586.0,2212.0,2212.0,2214.0,286.0,286.0,288.0,2925856.0,2925856.0,2938750.0,0.0,0.0,0.0,2.0,1.0,3.0,0.0,0.0,0.0,0.0,0.0,0.0,5643.0,5643.0,5643.0,50.0,50.0,50.0,390.0,390.0,390.0,99.0,99.0,99.0,0.0,0.0,0.0,99.0,99.0,99.0,0.0,0.0,0.0,0.0,0.0,0.0,238.0,238.0,238.0,0.0,0.0,0.0,237.0,237.0,237.0,5000.0,5000.0,5000.0,238.0,238.0,238.0,8036352.0,8036352.0,8036352.0,8445952.0,8445952.0,8445952.0,409600.0,409600.0,409600.0,1031.0,1031.0,1031.0,0.0,0.0,0.0,0.0,0.0,0.0,0.0,0.0,0.0,0.0,0.0,0.0,4227072.0,4227072.0,4227072.0,4628480.0,4628480.0,4628480.0,401408.0,401408.0,401408.0,2880.0,2880.0,2880.0,2880.0,2880.0,2880.0,0.0,0.0,0.0,7219827.0,7219827.0,7219827.0,,,,,,,,,
1,UA-1/jsonb/X-4,UA-1,UA-1,jsonb,jsonb,X-4,separate: GIN (jsonb only),15,15,0,0,0,True,19,ModifyTable on access_log_jsonb_w [Hash Join [Seq Scan on access_log_jsonb_w; Hash [Bitmap Heap Scan on expected_update [Bitmap Index Scan using expected_update_pkey]]]],124.388,116.954,129.141,104.154,145.266,,,,,,0.417,0.386,0.443,0.356,0.49,133.70700000000002,128.065,138.865,119.953,162.152,6.649,3.61,15.598,1.911,18.297,2527.0,2527.0,2527.0,3389006.0,3389006.0,3389006.0,286.0,286.0,286.0,,,,3414864.0,3414840.0,3421064.0,25858.0,25834.0,32058.0,2528.0,2528.0,2529.0,286.0,286.0,287.0,3389040.0,3389040.0,3395649.0,0.0,0.0,0.0,2.0,1.0,3.0,0.0,0.0,0.0,0.0,0.0,0.0,6118.0,6118.0,6118.0,50.0,50.0,50.0,469.0,469.0,469.0,177.0,177.0,177.0,0.0,0.0,0.0,177.0,177.0,177.0,0.0,0.0,0.0,0.0,0.0,0.0,238.0,238.0,238.0,0.0,0.0,0.0,237.0,237.0,237.0,5000.0,5000.0,5000.0,238.0,238.0,238.0,8036352.0,8036352.0,8036352.0,8445952.0,8445952.0,8445952.0,409600.0,409600.0,409600.0,1031.0,1031.0,1031.0,0.0,0.0,0.0,0.0,0.0,0.0,0.0,0.0,0.0,0.0,0.0,0.0,8749056.0,8749056.0,8749056.0,9789440.0,9789440.0,9789440.0,1040384.0,1040384.0,1040384.0,2880.0,2880.0,2880.0,2880.0,2880.0,2880.0,0.0,0.0,0.0,7219827.0,7219827.0,7219827.0,,,,,,,,,
1,UA-2/json/X-0,UA-2,UA-2,json,json,X-0,head-to-head,15,15,0,0,0,True,19,ModifyTable on access_log_json_w [Hash Join [Seq Scan on access_log_json_w; Hash [Bitmap Heap Scan on expected_update [Bitmap Index Scan using expected_update_pkey]]]],19.488,15.555,25.744,10.715,31.268,,,,,,0.4,0.285,0.454,0.192,0.497,32.945,23.884,37.943,15.972999999999999,49.775000000000006,8.127,5.253,14.984,3.381,17.91,714.0,714.0,714.0,2103892.0,2103892.0,2103892.0,240.0,240.0,240.0,,,,2124832.0,2124832.0,2124872.0,20940.0,20940.0,20980.0,715.0,715.0,717.0,240.0,240.0,241.0,2103926.0,2103926.0,2109385.0,0.0,0.0,0.0,2.0,1.0,3.0,0.0,0.0,0.0,0.0,0.0,0.0,3104.0,3104.0,3104.0,0.0,0.0,0.0,303.0,303.0,303.0,59.0,59.0,59.0,0.0,0.0,0.0,59.0,59.0,59.0,0.0,0.0,0.0,0.0,0.0,0.0,238.0,238.0,238.0,0.0,0.0,0.0,238.0,238.0,238.0,10000.0,10000.0,10000.0,238.0,238.0,238.0,10240000.0,10240000.0,10240000.0,10723328.0,10723328.0,10723328.0,483328.0,483328.0,483328.0,1309.0,1309.0,1309.0,0.0,0.0,0.0,0.0,0.0,0.0,0.0,0.0,0.0,0.0,0.0,0.0,0.0,0.0,0.0,0.0,0.0,0.0,0.0,0.0,0.0,1.0,1.0,1.0,1.0,1.0,1.0,0.0,0.0,0.0,8433401.0,8433401.0,8433401.0,0.0,0.0,0.0,396761.0,396761.0,396761.0,396761.0,396761.0,396761.0
1,UA-2/json/X-1,UA-2,UA-2,json,json,X-1,head-to-head,15,15,0,0,0,True,19,ModifyTable on access_log_json_w [Hash Join [Seq Scan on access_log_json_w; Hash [Bitmap Heap Scan on expected_update [Bitmap Index Scan using expected_update_pkey]]]],88.874,85.539,105.636,63.858,134.007,,,,,,0.35,0.333,0.431,0.265,0.586,103.96799999999999,90.363,115.316,70.953,141.73600000000002,5.505,2.926,14.141,2.258,19.172,1919.0,1919.0,1919.0,2488362.0,2488362.0,2488362.0,284.0,284.0,284.0,,,,2510680.0,2510680.0,2510776.0,22318.0,22318.0,22414.0,1921.0,1920.0,1921.0,285.0,284.0,285.0,2493789.0,2488396.0,2493817.0,0.0,0.0,0.0,2.0,1.0,3.0,0.0,0.0,0.0,0.0,0.0,0.0,5438.0,5438.0,5438.0,48.0,48.0,48.0,348.0,348.0,348.0,60.0,60.0,60.0,0.0,0.0,0.0,60.0,60.0,60.0,0.0,0.0,0.0,0.0,0.0,0.0,238.0,238.0,238.0,0.0,0.0,0.0,238.0,238.0,238.0,5000.0,5000.0,5000.0,238.0,238.0,238.0,10240000.0,10240000.0,10240000.0,10723328.0,10723328.0,10723328.0,483328.0,483328.0,483328.0,1309.0,1309.0,1309.0,0.0,0.0,0.0,0.0,0.0,0.0,0.0,0.0,0.0,0.0,0.0,0.0,499712.0,499712.0,499712.0,507904.0,507904.0,507904.0,8192.0,8192.0,8192.0,1.0,1.0,1.0,1.0,1.0,1.0,0.0,0.0,0.0,8433401.0,8433401.0,8433401.0,0.0,0.0,0.0,396761.0,396761.0,396761.0,396761.0,396761.0,396761.0
1,UA-2/jsonb/X-0,UA-2,UA-2,jsonb,jsonb,X-0,head-to-head,15,15,0,0,0,True,19,ModifyTable on access_log_jsonb_w [Hash Join [Seq Scan on access_log_jsonb_w; Hash [Bitmap Heap Scan on expected_update [Bitmap Index Scan using expected_update_pkey]]]],39.223,35.496,48.468,26.808,57.154,,,,,,0.333,0.29,0.441,0.259,0.569,55.306,51.726,61.663000000000004,34.081,83.326,14.092,5.965,14.785,4.561,23.854,713.0,713.0,713.0,2227253.0,2227253.0,2227253.0,240.0,240.0,240.0,,,,2248144.0,2248128.0,2252736.0,20891.0,20875.0,25483.0,714.0,714.0,715.0,240.0,240.0,241.0,2227287.0,2227287.0,2231864.0,0.0,0.0,0.0,2.0,1.0,3.0,0.0,0.0,0.0,0.0,0.0,0.0,2836.0,2836.0,2836.0,0.0,0.0,0.0,294.0,294.0,294.0,50.0,50.0,50.0,0.0,0.0,0.0,50.0,50.0,50.0,0.0,0.0,0.0,0.0,0.0,0.0,238.0,238.0,238.0,1.0,1.0,1.0,237.0,237.0,237.0,10000.0,5000.0,10000.0,238.0,238.0,238.0,8036352.0,8036352.0,8036352.0,8445952.0,8445952.0,8445952.0,409600.0,409600.0,409600.0,1031.0,1031.0,1031.0,0.0,0.0,0.0,0.0,0.0,0.0,0.0,0.0,0.0,0.0,0.0,0.0,0.0,0.0,0.0,0.0,0.0,0.0,0.0,0.0,0.0,2880.0,2880.0,2880.0,2878.0,2878.0,2878.0,0.0,0.0,0.0,7221945.0,7221945.0,7221945.0,,,,,,,,,
1,UA-2/jsonb/X-1,UA-2,UA-2,jsonb,jsonb,X-1,head-to-head,15,15,0,0,0,True,19,ModifyTable on access_log_jsonb_w [Hash Join [Seq Scan on access_log_jsonb_w; Hash [Bitmap Heap Scan on expected_update [Bitmap Index Scan using expected_update_pkey]]]],48.443,44.492,73.182,35.166,94.278,,,,,,0.359,0.347,0.529,0.237,0.673,64.962,55.681999999999995,86.346,41.322,105.552,14.713,5.153,15.853,3.745,18.611,1920.0,1920.0,1920.0,2626625.0,2626625.0,2626625.0,286.0,286.0,286.0,,,,2648992.0,2648968.0,2652152.0,22367.0,22343.0,25527.0,1921.0,1921.0,1922.0,286.0,286.0,287.0,2626659.0,2626659.0,2629812.0,0.0,0.0,0.0,2.0,1.0,3.0,0.0,0.0,0.0,0.0,0.0,0.0,5171.0,5171.0,5171.0,50.0,50.0,50.0,341.0,341.0,341.0,51.0,51.0,51.0,0.0,0.0,0.0,51.0,51.0,51.0,0.0,0.0,0.0,0.0,0.0,0.0,238.0,238.0,238.0,0.0,0.0,0.0,237.0,237.0,237.0,5000.0,5000.0,10000.0,238.0,238.0,238.0,8036352.0,8036352.0,8036352.0,8445952.0,8445952.0,8445952.0,409600.0,409600.0,409600.0,1031.0,1031.0,1031.0,0.0,0.0,0.0,0.0,0.0,0.0,0.0,0.0,0.0,0.0,0.0,0.0,499712.0,499712.0,499712.0,507904.0,507904.0,507904.0,8192.0,8192.0,8192.0,2880.0,2880.0,2880.0,2878.0,2878.0,2878.0,0.0,0.0,0.0,7221945.0,7221945.0,7221945.0,,,,,,,,,
1,UA-2/jsonb/X-4,UA-2,UA-2,jsonb,jsonb,X-4,separate: GIN (jsonb only),15,15,0,1,1,True,20,ModifyTable on access_log_jsonb_w [Hash Join [Seq Scan on access_log_jsonb_w; Hash [Bitmap Heap Scan on expected_update [Bitmap Index Scan using expected_update_pkey]]]],110.796,108.11,142.589,90.52,190.288,,,,,,0.381,0.367,0.399,0.231,0.684,132.05700000000002,120.489,153.552,97.02799999999999,204.335,9.42,4.492,16.765,2.425,22.476,2519.0,2519.0,2519.0,3383067.0,3383067.0,3383067.0,286.0,286.0,286.0,,,,3408840.0,3408840.0,3409544.0,25773.0,25773.0,26477.0,2520.0,2520.0,2523.0,286.0,286.0,289.0,3383101.0,3383101.0,3397844.0,0.0,0.0,0.0,2.0,1.0,3.0,0.0,0.0,0.0,0.0,0.0,0.0,6121.0,6121.0,6121.0,50.0,50.0,50.0,466.0,466.0,466.0,174.0,174.0,174.0,0.0,0.0,0.0,174.0,174.0,174.0,0.0,0.0,0.0,0.0,0.0,0.0,238.0,238.0,238.0,0.0,0.0,0.0,237.0,237.0,237.0,5000.0,5000.0,5000.0,238.0,238.0,238.0,8036352.0,8036352.0,8036352.0,8445952.0,8445952.0,8445952.0,409600.0,409600.0,409600.0,1031.0,1031.0,1031.0,0.0,0.0,0.0,0.0,0.0,0.0,0.0,0.0,0.0,0.0,0.0,0.0,8749056.0,8749056.0,8749056.0,9764864.0,9764864.0,9764864.0,1015808.0,1015808.0,1015808.0,2880.0,2880.0,2880.0,2878.0,2878.0,2878.0,0.0,0.0,0.0,7221945.0,7221945.0,7221945.0,,,,,,,,,
1,UA-3/json/X-0,UA-3,UA-3,json,json,X-0,head-to-head,15,14,1,0,1,True,19,ModifyTable on access_log_json_w [Hash Join [Seq Scan on access_log_json_w; Hash [Bitmap Heap Scan on expected_update [Bitmap Index Scan using expected_update_pkey]]]],760.26,704.018,846.289,461.688,866.121,,,,,,0.336,0.316,0.367,0.198,0.422,768.6809999999999,715.101,858.083,464.536,874.4630000000001,7.27,5.987,9.357,2.054,13.315,15061.0,15061.0,15061.0,18232798.0,18232798.0,18232798.0,1265.0,1265.0,1265.0,,,,18397904.0,18397880.0,18397960.0,165106.0,165082.0,165162.0,15062.0,15062.0,15063.0,1265.0,1265.0,1266.0,18232832.0,18232832.0,18238241.0,844.0,548.0,1447.0,849.0,553.0,1451.0,0.0,0.0,0.0,0.0,0.0,0.0,36350.0,36350.0,36350.0,0.0,0.0,0.0,2531.0,2531.0,2531.0,1262.0,1262.0,1262.0,0.0,0.0,0.0,1262.0,1262.0,1262.0,0.0,0.0,0.0,0.0,0.0,0.0,5000.0,5000.0,5000.0,4.0,4.0,4.0,4996.0,4996.0,4996.0,10000.0,10000.0,10000.0,5000.0,5000.0,5000.0,10240000.0,10240000.0,10240000.0,20463616.0,20463616.0,20463616.0,10223616.0,10223616.0,10223616.0,2498.0,2498.0,2498.0,0.0,0.0,0.0,0.0,0.0,0.0,0.0,0.0,0.0,114688.0,114688.0,114688.0,0.0,0.0,0.0,0.0,0.0,0.0,0.0,0.0,0.0,1.0,1.0,1.0,1.0,1.0,1.0,0.0,0.0,0.0,8448585.0,8448585.0,8448585.0,0.0,0.0,0.0,8430545.0,8430545.0,8430545.0,8430545.0,8430545.0,8430545.0
1,UA-3/json/X-1,UA-3,UA-3,json,json,X-1,head-to-head,15,15,0,0,0,True,19,ModifyTable on access_log_json_w [Hash Join [Seq Scan on access_log_json_w; Hash [Bitmap Heap Scan on expected_update [Bitmap Index Scan using expected_update_pkey]]]],1912.065,1800.654,2011.478,1788.048,2273.624,,,,,,0.416,0.345,0.424,0.328,0.513,1924.4930000000002,1814.831,2029.6610000000003,1793.757,2279.344,6.775,4.257,15.537,3.065,16.41,40526.0,40526.0,40526.0,20498141.0,20498141.0,20498141.0,1318.0,1318.0,1318.0,,,,20671336.0,20671320.0,20671416.0,173195.0,173179.0,173275.0,40528.0,40527.0,40529.0,1319.0,1318.0,1319.0,20503552.0,20498175.0,20504838.0,99.0,9.0,249.0,110.0,19.0,259.0,0.0,0.0,0.0,0.0,0.0,0.0,86411.0,86411.0,86411.0,53.0,53.0,53.0,2638.0,2638.0,2638.0,1316.0,1316.0,1316.0,0.0,0.0,0.0,1316.0,1316.0,1316.0,0.0,0.0,0.0,0.0,0.0,0.0,5000.0,5000.0,5000.0,0.0,0.0,0.0,4996.0,4996.0,4996.0,5000.0,5000.0,5000.0,5000.0,5000.0,5000.0,10240000.0,10240000.0,10240000.0,20463616.0,20463616.0,20463616.0,10223616.0,10223616.0,10223616.0,2498.0,2498.0,2498.0,0.0,0.0,0.0,0.0,0.0,0.0,0.0,0.0,0.0,114688.0,114688.0,114688.0,499712.0,499712.0,499712.0,942080.0,942080.0,942080.0,442368.0,442368.0,442368.0,1.0,1.0,1.0,1.0,1.0,1.0,0.0,0.0,0.0,8448585.0,8448585.0,8448585.0,0.0,0.0,0.0,8430545.0,8430545.0,8430545.0,8430545.0,8430545.0,8430545.0
1,UA-3/jsonb/X-0,UA-3,UA-3,jsonb,jsonb,X-0,head-to-head,15,15,0,0,0,True,19,ModifyTable on access_log_jsonb_w [Hash Join [Seq Scan on access_log_jsonb_w; Hash [Bitmap Heap Scan on expected_update [Bitmap Index Scan using expected_update_pkey]]]],983.312,948.85,1027.263,872.173,1082.696,,,,,,0.308,0.272,0.383,0.268,0.452,986.196,957.739,1042.905,879.222,1096.8430000000003,5.351,2.808,15.434,1.067,17.672,15062.0,15062.0,15062.0,15788614.0,15788614.0,15788614.0,996.0,996.0,996.0,,,,15928920.0,15928904.0,15928976.0,140306.0,140290.0,140362.0,15063.0,15063.0,15064.0,996.0,996.0,996.0,15788648.0,15788648.0,15788702.0,309.0,179.0,633.0,315.0,185.0,639.0,0.0,0.0,0.0,0.0,0.0,0.0,35826.0,35826.0,35826.0,0.0,0.0,0.0,1995.0,1995.0,1995.0,995.0,995.0,995.0,0.0,0.0,0.0,995.0,995.0,995.0,0.0,0.0,0.0,0.0,0.0,0.0,5000.0,5000.0,5000.0,4.0,4.0,4.0,4996.0,4996.0,4996.0,10000.0,10000.0,10000.0,5000.0,5000.0,5000.0,8036352.0,8036352.0,8036352.0,16072704.0,16072704.0,16072704.0,8036352.0,8036352.0,8036352.0,1962.0,1962.0,1962.0,0.0,0.0,0.0,0.0,0.0,0.0,0.0,0.0,0.0,114688.0,114688.0,114688.0,0.0,0.0,0.0,0.0,0.0,0.0,0.0,0.0,0.0,2880.0,2880.0,2880.0,2880.0,2880.0,2880.0,0.0,0.0,0.0,7226904.0,7226904.0,7226904.0,,,,,,,,,
1,UA-3/jsonb/X-1,UA-3,UA-3,jsonb,jsonb,X-1,head-to-head,15,15,0,0,0,True,19,ModifyTable on access_log_jsonb_w [Hash Join [Seq Scan on access_log_jsonb_w; Hash [Bitmap Heap Scan on expected_update [Bitmap Index Scan using expected_update_pkey]]]],1120.78,1051.604,1268.303,1035.749,1382.389,,,,,,0.416,0.35,0.43,0.263,0.527,1147.829,1063.8650000000002,1281.987,1044.343,1396.524,7.707,5.268,14.426,3.972,25.406,40531.0,40531.0,40531.0,18046214.0,18046214.0,18046214.0,1048.0,1048.0,1048.0,,,,18195096.0,18195096.0,18195808.0,148882.0,148882.0,149594.0,40532.0,40532.0,40533.0,1048.0,1048.0,1049.0,18046248.0,18046248.0,18046953.0,206.0,107.0,517.0,212.0,114.0,524.0,0.0,0.0,0.0,0.0,0.0,0.0,85887.0,85887.0,85887.0,52.0,52.0,52.0,2101.0,2101.0,2101.0,1049.0,1049.0,1049.0,0.0,0.0,0.0,1049.0,1049.0,1049.0,0.0,0.0,0.0,0.0,0.0,0.0,5000.0,5000.0,5000.0,0.0,0.0,0.0,4996.0,4996.0,4996.0,5000.0,5000.0,10000.0,5000.0,5000.0,5000.0,8036352.0,8036352.0,8036352.0,16072704.0,16072704.0,16072704.0,8036352.0,8036352.0,8036352.0,1962.0,1962.0,1962.0,0.0,0.0,0.0,0.0,0.0,0.0,0.0,0.0,0.0,114688.0,114688.0,114688.0,499712.0,499712.0,499712.0,942080.0,942080.0,942080.0,442368.0,442368.0,442368.0,2880.0,2880.0,2880.0,2880.0,2880.0,2880.0,0.0,0.0,0.0,7226904.0,7226904.0,7226904.0,,,,,,,,,
1,UA-3/jsonb/X-4,UA-3,UA-3,jsonb,jsonb,X-4,separate: GIN (jsonb only),15,15,0,1,1,True,20,ModifyTable on access_log_jsonb_w [Hash Join [Seq Scan on access_log_jsonb_w; Hash [Bitmap Heap Scan on expected_update [Bitmap Index Scan using expected_update_pkey]]]],3423.215,3366.026,3567.837,3302.024,3756.612,,,,,,0.41,0.36,0.434,0.34,0.444,3441.584,3382.326,3576.54,3309.9459999999995,3765.3630000000003,6.772,4.553,14.821,3.103,21.599,124676.0,124676.0,124676.0,47835203.0,47835203.0,47835203.0,2255.0,2255.0,2255.0,,,,48384576.0,48384520.0,48590424.0,549373.0,549317.0,755221.0,124678.0,124677.0,124807.0,2255.0,2255.0,2301.0,47835291.0,47835237.0,48039802.0,587.0,361.0,807.0,605.0,378.0,826.0,0.0,0.0,0.0,0.0,0.0,0.0,334244.0,334244.0,334244.0,52.0,52.0,52.0,4314.0,4314.0,4314.0,2262.0,2262.0,2262.0,0.0,0.0,0.0,2262.0,2262.0,2262.0,0.0,0.0,0.0,0.0,0.0,0.0,5000.0,5000.0,5000.0,0.0,0.0,0.0,4996.0,4996.0,4996.0,5000.0,5000.0,5000.0,5000.0,5000.0,5000.0,8036352.0,8036352.0,8036352.0,16072704.0,16072704.0,16072704.0,8036352.0,8036352.0,8036352.0,1962.0,1962.0,1962.0,0.0,0.0,0.0,0.0,0.0,0.0,0.0,0.0,0.0,114688.0,114688.0,114688.0,8749056.0,8749056.0,8749056.0,19079168.0,19079168.0,19079168.0,10330112.0,10330112.0,10330112.0,2880.0,2880.0,2880.0,2880.0,2880.0,2880.0,0.0,0.0,0.0,7226904.0,7226904.0,7226904.0,,,,,,,,,
1,UB-R238/UB-jsonb/X-1,UB-R238,UB-jsonb,UB-jsonb,jsonb,X-1,separate: update mechanism,15,15,0,0,0,True,19,ModifyTable on access_log_jsonb_w [Hash Join [Seq Scan on access_log_jsonb_w; Hash [Bitmap Heap Scan on expected_update [Bitmap Index Scan using expected_update_pkey]]]],39.244,33.894,40.527,32.05,50.135,,,,,,0.414,0.356,0.426,0.3,0.45,51.245999999999995,47.076,57.221999999999994,36.997,67.431,15.195,5.508,16.234,1.722,23.055,1925.0,1925.0,1925.0,2626690.0,2626690.0,2626690.0,286.0,286.0,286.0,,,,2649088.0,2649088.0,2649816.0,22398.0,22398.0,23126.0,1926.0,1926.0,1927.0,286.0,286.0,287.0,2626724.0,2626724.0,2632113.0,0.0,0.0,0.0,2.0,1.0,2.0,0.0,0.0,0.0,0.0,0.0,0.0,5168.0,5168.0,5168.0,50.0,50.0,50.0,341.0,341.0,341.0,51.0,51.0,51.0,0.0,0.0,0.0,51.0,51.0,51.0,0.0,0.0,0.0,0.0,0.0,0.0,238.0,238.0,238.0,0.0,0.0,0.0,237.0,237.0,237.0,10000.0,5000.0,10000.0,238.0,238.0,238.0,8036352.0,8036352.0,8036352.0,8445952.0,8445952.0,8445952.0,409600.0,409600.0,409600.0,1031.0,1031.0,1031.0,0.0,0.0,0.0,0.0,0.0,0.0,0.0,0.0,0.0,0.0,0.0,0.0,499712.0,499712.0,499712.0,507904.0,507904.0,507904.0,8192.0,8192.0,8192.0,2880.0,2880.0,2880.0,2880.0,2880.0,2880.0,0.0,0.0,0.0,7219827.0,7219827.0,7219827.0,,,,,,,,,
1,UB-R238/UB-json-cast/X-1,UB-R238,UB-json-cast,UB-json-cast,json,X-1,separate: update mechanism,15,15,0,0,0,True,19,ModifyTable on access_log_json_w [Hash Join [Seq Scan on access_log_json_w; Hash [Bitmap Heap Scan on expected_update [Bitmap Index Scan using expected_update_pkey]]]],131.598,124.079,137.076,120.934,141.954,,,,,,0.419,0.41,0.459,0.331,0.584,141.46800000000002,133.637,149.06,127.80600000000001,154.958,12.999,5.022,15.113,2.996,16.161,1925.0,1925.0,1925.0,2520817.0,2520817.0,2520817.0,283.0,283.0,283.0,,,,2543256.0,2543232.0,2548584.0,22439.0,22415.0,27767.0,1926.0,1926.0,1929.0,283.0,283.0,286.0,2520851.0,2520851.0,2531258.0,0.0,0.0,0.0,2.0,2.0,3.0,0.0,0.0,0.0,0.0,0.0,0.0,5429.0,5429.0,5429.0,48.0,48.0,48.0,348.0,348.0,348.0,61.0,61.0,61.0,0.0,0.0,0.0,61.0,61.0,61.0,0.0,0.0,0.0,0.0,0.0,0.0,238.0,238.0,238.0,0.0,0.0,0.0,238.0,238.0,238.0,5000.0,5000.0,5000.0,238.0,238.0,238.0,10240000.0,10240000.0,10240000.0,10731520.0,10731520.0,10731520.0,491520.0,491520.0,491520.0,1310.0,1310.0,1310.0,0.0,0.0,0.0,0.0,0.0,0.0,0.0,0.0,0.0,0.0,0.0,0.0,499712.0,499712.0,499712.0,507904.0,507904.0,507904.0,8192.0,8192.0,8192.0,1.0,1.0,1.0,1.0,1.0,1.0,0.0,0.0,0.0,8470242.0,8470242.0,8470242.0,238.0,238.0,238.0,433602.0,433602.0,433602.0,397664.0,397664.0,397664.0
1,UB-R238/UB-json-text/X-1,UB-R238,UB-json-text,UB-json-text,json,X-1,separate: update mechanism,15,15,0,0,0,True,19,ModifyTable on access_log_json_w [Hash Join [Seq Scan on access_log_json_w; Hash [Bitmap Heap Scan on expected_update [Bitmap Index Scan using expected_update_pkey]]]],106.811,100.863,112.11,97.867,116.919,,,,,,0.413,0.405,0.428,0.346,0.453,117.845,111.14,128.89499999999998,108.51799999999999,134.07500000000002,15.09,4.413,15.542,2.712,17.736,1925.0,1925.0,1925.0,2484878.0,2484878.0,2484878.0,283.0,283.0,283.0,,,,2507200.0,2507200.0,2507272.0,22322.0,22322.0,22394.0,1926.0,1926.0,1927.0,283.0,283.0,284.0,2484912.0,2484912.0,2490321.0,0.0,0.0,0.0,2.0,2.0,3.0,0.0,0.0,0.0,0.0,0.0,0.0,5429.0,5429.0,5429.0,48.0,48.0,48.0,348.0,348.0,348.0,61.0,61.0,61.0,0.0,0.0,0.0,61.0,61.0,61.0,0.0,0.0,0.0,0.0,0.0,0.0,238.0,238.0,238.0,0.0,0.0,0.0,238.0,238.0,238.0,5000.0,5000.0,5000.0,238.0,238.0,238.0,10240000.0,10240000.0,10240000.0,10731520.0,10731520.0,10731520.0,491520.0,491520.0,491520.0,1310.0,1310.0,1310.0,0.0,0.0,0.0,0.0,0.0,0.0,0.0,0.0,0.0,0.0,0.0,0.0,499712.0,499712.0,499712.0,507904.0,507904.0,507904.0,8192.0,8192.0,8192.0,1.0,1.0,1.0,1.0,1.0,1.0,0.0,0.0,0.0,8434304.0,8434304.0,8434304.0,0.0,0.0,0.0,397664.0,397664.0,397664.0,397664.0,397664.0,397664.0
1,UB-R5000/UB-jsonb/X-1,UB-R5000,UB-jsonb,UB-jsonb,jsonb,X-1,separate: update mechanism,15,14,1,0,1,True,19,ModifyTable on access_log_jsonb_w [Hash Join [Seq Scan on access_log_jsonb_w; Hash [Bitmap Heap Scan on expected_update [Bitmap Index Scan using expected_update_pkey]]]],932.761,865.614,973.652,779.075,989.252,,,,,,0.407,0.376,0.418,0.325,0.501,940.338,883.152,980.971,786.3660000000001,999.165,6.144,5.629,9.595,3.385,19.631,40525.0,40525.0,40525.0,18045847.0,18045847.0,18045847.0,1048.0,1048.0,1048.0,,,,18194656.0,18194656.0,18196856.0,148809.0,148809.0,151009.0,40526.0,40526.0,40528.0,1048.0,1048.0,1049.0,18045881.0,18045881.0,18052590.0,446.0,252.0,621.0,452.0,257.0,627.0,0.0,0.0,0.0,0.0,0.0,0.0,85728.0,85728.0,85728.0,52.0,52.0,52.0,2099.0,2099.0,2099.0,1047.0,1047.0,1047.0,0.0,0.0,0.0,1047.0,1047.0,1047.0,0.0,0.0,0.0,0.0,0.0,0.0,5000.0,5000.0,5000.0,0.0,0.0,0.0,4996.0,4996.0,4996.0,10000.0,5000.0,10000.0,5000.0,5000.0,5000.0,8036352.0,8036352.0,8036352.0,16056320.0,16056320.0,16056320.0,8019968.0,8019968.0,8019968.0,1960.0,1960.0,1960.0,0.0,0.0,0.0,0.0,0.0,0.0,0.0,0.0,0.0,114688.0,114688.0,114688.0,499712.0,499712.0,499712.0,942080.0,942080.0,942080.0,442368.0,442368.0,442368.0,2880.0,2880.0,2880.0,2880.0,2880.0,2880.0,0.0,0.0,0.0,7226904.0,7226904.0,7226904.0,,,,,,,,,
1,UB-R5000/UB-json-cast/X-1,UB-R5000,UB-json-cast,UB-json-cast,json,X-1,separate: update mechanism,15,14,1,0,1,True,19,ModifyTable on access_log_json_w [Hash Join [Seq Scan on access_log_json_w; Hash [Bitmap Heap Scan on expected_update [Bitmap Index Scan using expected_update_pkey]]]],2496.183,2446.52,2767.514,2417.226,3111.754,,,,,,0.395,0.358,0.419,0.332,0.476,2513.077,2462.6189999999997,2784.966,2423.975,3128.4280000000003,14.819,6.669,15.916,3.458,18.351,40529.0,40529.0,40529.0,21247117.0,21247117.0,21247117.0,1317.0,1317.0,1317.0,,,,21422672.0,21422656.0,21429456.0,175555.0,175539.0,182339.0,40530.0,40530.0,40532.0,1317.0,1317.0,1318.0,21247151.0,21247151.0,21253918.0,0.0,0.0,0.0,13.0,12.0,15.0,0.0,0.0,0.0,0.0,0.0,0.0,86411.0,86411.0,86411.0,52.0,52.0,52.0,2638.0,2638.0,2638.0,1317.0,1317.0,1317.0,0.0,0.0,0.0,1317.0,1317.0,1317.0,0.0,0.0,0.0,0.0,0.0,0.0,5000.0,5000.0,5000.0,0.0,0.0,0.0,4998.0,4998.0,4998.0,5000.0,5000.0,5000.0,5000.0,5000.0,5000.0,10240000.0,10240000.0,10240000.0,20471808.0,20471808.0,20471808.0,10231808.0,10231808.0,10231808.0,2499.0,2499.0,2499.0,0.0,0.0,0.0,0.0,0.0,0.0,0.0,0.0,0.0,114688.0,114688.0,114688.0,499712.0,499712.0,499712.0,942080.0,942080.0,942080.0,442368.0,442368.0,442368.0,1.0,1.0,1.0,4.0,4.0,4.0,0.0,0.0,0.0,9200388.0,9200388.0,9200388.0,5000.0,5000.0,5000.0,9185546.0,9185546.0,9185546.0,8430545.0,8430545.0,8430545.0
1,UB-R5000/UB-json-text/X-1,UB-R5000,UB-json-text,UB-json-text,json,X-1,separate: update mechanism,15,15,0,0,0,True,19,ModifyTable on access_log_json_w [Hash Join [Seq Scan on access_log_json_w; Hash [Bitmap Heap Scan on expected_update [Bitmap Index Scan using expected_update_pkey]]]],1933.738,1921.098,1990.517,1886.751,2056.784,,,,,,0.422,0.378,0.541,0.323,0.627,1949.313,1935.516,2008.9379999999999,1891.001,2062.995,14.08,6.202,16.679,2.762,18.676,40525.0,40525.0,40525.0,20497306.0,20497306.0,20497306.0,1318.0,1318.0,1318.0,,,,20670464.0,20670440.0,20676552.0,173158.0,173134.0,179246.0,40527.0,40526.0,40528.0,1319.0,1318.0,1320.0,20502617.0,20497340.0,20506290.0,0.0,0.0,41.0,11.0,10.0,52.0,0.0,0.0,0.0,0.0,0.0,0.0,86410.0,86410.0,86410.0,53.0,53.0,53.0,2639.0,2639.0,2639.0,1317.0,1317.0,1317.0,0.0,0.0,0.0,1317.0,1317.0,1317.0,0.0,0.0,0.0,0.0,0.0,0.0,5000.0,5000.0,5000.0,0.0,0.0,0.0,4996.0,4996.0,4996.0,5000.0,5000.0,5000.0,5000.0,5000.0,5000.0,10240000.0,10240000.0,10240000.0,20471808.0,20471808.0,20471808.0,10231808.0,10231808.0,10231808.0,2499.0,2499.0,2499.0,0.0,0.0,0.0,0.0,0.0,0.0,0.0,0.0,0.0,114688.0,114688.0,114688.0,499712.0,499712.0,499712.0,942080.0,942080.0,942080.0,442368.0,442368.0,442368.0,1.0,1.0,1.0,1.0,1.0,1.0,0.0,0.0,0.0,8448585.0,8448585.0,8448585.0,0.0,0.0,0.0,8430545.0,8430545.0,8430545.0,8430545.0,8430545.0,8430545.0
2,W1b/json/X-0,W1b,W1b,json,json,X-0,head-to-head,15,15,0,2,2,True,20,DO loop (250 single-row INSERT),18.103,16.641,18.75,15.987,23.253,0.072412,0.066564,0.075,0.063948,0.093012,,,,,,32.852,26.342,37.579,24.573000000000004,39.19,7.485,2.039,12.218,1.72,12.447,,,,,,,,,,558376.0,558376.0,558400.0,558416.0,558416.0,558440.0,40.0,40.0,40.0,501.0,501.0,502.0,15.0,15.0,15.0,555847.0,555847.0,555901.0,0.0,0.0,0.0,1.0,1.0,2.0,0.0,0.0,0.0,0.0,0.0,0.0,,,,,,,,,,,,,0.0,0.0,0.0,62.0,62.0,62.0,0.0,0.0,0.0,250.0,250.0,250.0,0.0,0.0,0.0,0.0,0.0,0.0,0.0,0.0,0.0,9750.0,9750.0,9750.0,0.0,0.0,0.0,9732096.0,9732096.0,9732096.0,10240000.0,10240000.0,10240000.0,507904.0,507904.0,507904.0,1250.0,1250.0,1250.0,0.0,0.0,0.0,0.0,0.0,0.0,0.0,0.0,0.0,0.0,0.0,0.0,0.0,0.0,0.0,0.0,0.0,0.0,0.0,0.0,0.0,1.0,1.0,1.0,1.0,1.0,1.0,0.0,0.0,0.0,8434066.0,8434066.0,8434066.0,0.0,0.0,0.0,0.0,0.0,0.0,0.0,0.0,0.0
2,W1b/json/X-1,W1b,W1b,json,json,X-1,head-to-head,15,15,0,0,0,True,18,DO loop (250 single-row INSERT),106.05,100.624,110.853,80.741,130.91,0.42419999999999997,0.40249599999999996,0.443412,0.322964,0.52364,,,,,,124.988,110.139,130.07,88.387,138.255,2.521,1.573,12.282,1.233,13.067,,,,,,,,,,957016.0,956992.0,957016.0,957056.0,957032.0,957056.0,40.0,40.0,40.0,1754.0,1754.0,1755.0,62.0,62.0,62.0,953092.0,953092.0,953160.0,0.0,0.0,0.0,2.0,1.0,2.0,0.0,0.0,0.0,0.0,0.0,0.0,,,,,,,,,,,,,0.0,0.0,0.0,64.0,64.0,64.0,0.0,0.0,0.0,250.0,250.0,250.0,0.0,0.0,0.0,0.0,0.0,0.0,0.0,0.0,0.0,5000.0,5000.0,5000.0,0.0,0.0,0.0,9732096.0,9732096.0,9732096.0,10240000.0,10240000.0,10240000.0,507904.0,507904.0,507904.0,1250.0,1250.0,1250.0,0.0,0.0,0.0,0.0,0.0,0.0,0.0,0.0,0.0,0.0,0.0,0.0,475136.0,475136.0,475136.0,491520.0,491520.0,491520.0,16384.0,16384.0,16384.0,1.0,1.0,1.0,1.0,1.0,1.0,0.0,0.0,0.0,8434066.0,8434066.0,8434066.0,0.0,0.0,0.0,0.0,0.0,0.0,0.0,0.0,0.0
2,W1b/jsonb/X-0,W1b,W1b,jsonb,jsonb,X-0,head-to-head,15,15,0,0,0,True,18,DO loop (250 single-row INSERT),41.741,39.501,44.947,34.446,61.822,0.166964,0.15800399999999998,0.179788,0.137784,0.247288,,,,,,58.819,53.051,61.992999999999995,42.004999999999995,72.68100000000001,8.593,1.718,12.132,1.487,12.641,,,,,,,,,,500608.0,500608.0,500632.0,500648.0,500648.0,500672.0,40.0,40.0,40.0,501.0,501.0,502.0,14.0,14.0,15.0,498314.0,498314.0,503599.0,0.0,0.0,0.0,1.0,1.0,2.0,0.0,0.0,0.0,0.0,0.0,0.0,,,,,,,,,,,,,0.0,0.0,0.0,50.0,50.0,50.0,0.0,0.0,0.0,250.0,250.0,250.0,0.0,0.0,0.0,0.0,0.0,0.0,0.0,0.0,0.0,5000.0,5000.0,5000.0,0.0,0.0,0.0,7643136.0,7643136.0,7643136.0,8052736.0,8052736.0,8052736.0,409600.0,409600.0,409600.0,983.0,983.0,983.0,0.0,0.0,0.0,0.0,0.0,0.0,0.0,0.0,0.0,0.0,0.0,0.0,0.0,0.0,0.0,0.0,0.0,0.0,0.0,0.0,0.0,2743.0,2743.0,2743.0,2880.0,2880.0,2880.0,0.0,0.0,0.0,7219683.0,7219683.0,7219683.0,,,,,,,,,
2,W1b/jsonb/X-1,W1b,W1b,jsonb,jsonb,X-1,head-to-head,15,15,0,0,0,True,18,DO loop (250 single-row INSERT),62.776,59.171,69.199,50.725,102.259,0.251104,0.236684,0.276796,0.2029,0.409036,,,,,,78.71799999999999,70.347,83.98800000000001,57.676,122.73400000000001,2.89,1.423,12.265,0.984,12.671,,,,,,,,,,876992.0,876992.0,876992.0,877032.0,877032.0,877032.0,40.0,40.0,40.0,1754.0,1754.0,1755.0,58.0,58.0,59.0,873392.0,873392.0,878677.0,0.0,0.0,0.0,2.0,1.0,3.0,0.0,0.0,0.0,0.0,0.0,0.0,,,,,,,,,,,,,0.0,0.0,0.0,52.0,52.0,52.0,0.0,0.0,0.0,250.0,250.0,250.0,0.0,0.0,0.0,0.0,0.0,0.0,0.0,0.0,0.0,5000.0,5000.0,5000.0,0.0,0.0,0.0,7643136.0,7643136.0,7643136.0,8052736.0,8052736.0,8052736.0,409600.0,409600.0,409600.0,983.0,983.0,983.0,0.0,0.0,0.0,0.0,0.0,0.0,0.0,0.0,0.0,0.0,0.0,0.0,475136.0,475136.0,475136.0,491520.0,491520.0,491520.0,16384.0,16384.0,16384.0,2743.0,2743.0,2743.0,2880.0,2880.0,2880.0,0.0,0.0,0.0,7219683.0,7219683.0,7219683.0,,,,,,,,,
2,W1b/jsonb/X-4,W1b,W1b,jsonb,jsonb,X-4,separate: GIN (jsonb only),15,15,0,0,0,True,18,DO loop (250 single-row INSERT),135.524,128.069,137.99,114.227,166.013,0.542096,0.512276,0.55196,0.45690800000000004,0.664052,,,,,,151.088,143.85,156.594,134.345,175.953,12.03,3.493,12.89,1.196,15.718,,,,,,,,,,1675872.0,1675848.0,1675888.0,1675912.0,1675888.0,1675928.0,40.0,40.0,40.0,2384.0,2384.0,2385.0,58.0,58.0,59.0,1668660.0,1668660.0,1673949.0,0.0,0.0,0.0,2.0,1.0,3.0,0.0,0.0,0.0,0.0,0.0,0.0,,,,,,,,,,,,,0.0,0.0,0.0,182.0,182.0,182.0,0.0,0.0,0.0,250.0,250.0,250.0,0.0,0.0,0.0,0.0,0.0,0.0,0.0,0.0,0.0,5000.0,5000.0,5000.0,0.0,0.0,0.0,7643136.0,7643136.0,7643136.0,8052736.0,8052736.0,8052736.0,409600.0,409600.0,409600.0,983.0,983.0,983.0,0.0,0.0,0.0,0.0,0.0,0.0,0.0,0.0,0.0,0.0,0.0,0.0,8380416.0,8380416.0,8380416.0,9461760.0,9461760.0,9461760.0,1081344.0,1081344.0,1081344.0,2743.0,2743.0,2743.0,2880.0,2880.0,2880.0,0.0,0.0,0.0,7219683.0,7219683.0,7219683.0,,,,,,,,,
