phase,mode,batch,query,type,runs,exec_min,exec_p25,exec_median,exec_p75,exec_max,plan_min,plan_p25,plan_median,plan_p75,plan_max,plan_shape,indexes_used,top_plan_rows,top_actual_rows,scan_plan_rows,scan_actual_rows,shared_hit_blocks,shared_read_blocks,exact_heap_blocks,lossy_heap_blocks,rows_removed_by_index_recheck,planning_shared_hit_blocks,jit_present,settings,detail_execution_ms
I-0,default,1,Q07,json,15,52.844,54.225,57.077,58.184,63.862,0.025,0.026,0.044,0.046,0.059,Seq Scan on T,-,25,12,25,12,1250,0,None,None,None,0,False,"{""jit"": ""off"", ""max_parallel_workers_per_gather"": ""0""}",55.738
I-0,default,1,Q07,jsonb,15,9.889,10.2,10.385,11.165,13.413,0.024,0.025,0.041,0.044,0.066,Seq Scan on T,-,25,12,25,12,981,0,None,None,None,0,False,"{""jit"": ""off"", ""max_parallel_workers_per_gather"": ""0""}",10.639
I-0,default,1,Q08,json,15,96.374,99.63,100.969,103.503,125.271,0.026,0.028,0.043,0.045,0.045,Seq Scan on T,-,25,225,25,225,1250,0,None,None,None,0,False,"{""jit"": ""off"", ""max_parallel_workers_per_gather"": ""0""}",106.839
I-0,default,1,Q08,jsonb,15,10.343,10.673,10.957,11.955,12.966,0.023,0.027,0.04,0.044,0.071,Seq Scan on T,-,25,225,25,225,981,0,None,None,None,0,False,"{""jit"": ""off"", ""max_parallel_workers_per_gather"": ""0""}",11.006
I-0,default,1,Q10,json,15,97.956,99.914,103.718,113.68,125.037,0.027,0.037,0.042,0.045,0.079,Seq Scan on T,-,25,30,25,30,1250,0,None,None,None,0,False,"{""jit"": ""off"", ""max_parallel_workers_per_gather"": ""0""}",102.089
I-0,default,1,Q10,jsonb,15,10.477,10.803,11.018,11.335,11.966,0.024,0.026,0.043,0.045,0.047,Seq Scan on T,-,25,30,25,30,981,0,None,None,None,0,False,"{""jit"": ""off"", ""max_parallel_workers_per_gather"": ""0""}",11.034
I-0,default,1,Q11a,json,15,109.521,113.225,117.761,125.418,134.29,0.032,0.034,0.046,0.052,0.054,Seq Scan on T,-,25,422,25,422,1250,0,None,None,None,0,False,"{""jit"": ""off"", ""max_parallel_workers_per_gather"": ""0""}",115.731
I-0,default,1,Q11a,jsonb,15,12.976,13.304,13.639,14.014,15.704,0.028,0.03,0.045,0.051,0.054,Seq Scan on T,-,25,422,25,422,981,0,None,None,None,0,False,"{""jit"": ""off"", ""max_parallel_workers_per_gather"": ""0""}",14.816
I-0,default,1,Q11b,json,15,163.774,169.493,172.871,186.328,193.044,0.034,0.035,0.039,0.051,0.054,Seq Scan on T,-,25,3064,25,3064,1250,0,None,None,None,0,False,"{""jit"": ""off"", ""max_parallel_workers_per_gather"": ""0""}",182.753
I-0,default,1,Q11b,jsonb,15,18.504,18.751,19.332,19.508,20.414,0.028,0.03,0.046,0.051,0.052,Seq Scan on T,-,25,3064,25,3064,981,0,None,None,None,0,False,"{""jit"": ""off"", ""max_parallel_workers_per_gather"": ""0""}",20.059
I-0,default,1,Q12a,json,15,140.442,143.743,153.864,160.29,172.31,0.03,0.032,0.045,0.047,0.067,Seq Scan on T,-,25,13,25,13,1250,0,None,None,None,0,False,"{""jit"": ""off"", ""max_parallel_workers_per_gather"": ""0""}",146.938
I-0,default,1,Q12a,jsonb,15,14.484,14.508,14.685,15.053,24.447,0.024,0.026,0.045,0.047,0.061,Seq Scan on T,-,25,13,25,13,981,0,None,None,None,0,False,"{""jit"": ""off"", ""max_parallel_workers_per_gather"": ""0""}",15.609
I-0,default,1,Q12b,json,15,139.294,142.855,149.098,155.68,160.246,0.028,0.032,0.043,0.046,0.048,Seq Scan on T,-,25,108,25,108,1250,0,None,None,None,0,False,"{""jit"": ""off"", ""max_parallel_workers_per_gather"": ""0""}",157.291
I-0,default,1,Q12b,jsonb,15,14.07,14.46,14.77,16.287,22.344,0.025,0.027,0.041,0.047,0.048,Seq Scan on T,-,25,108,25,108,981,0,None,None,None,0,False,"{""jit"": ""off"", ""max_parallel_workers_per_gather"": ""0""}",14.665
I-0,default,1,Q12c,json,15,141.082,142.172,151.959,159.356,164.974,0.028,0.031,0.04,0.046,0.051,Seq Scan on T,-,25,498,25,498,1250,0,None,None,None,0,False,"{""jit"": ""off"", ""max_parallel_workers_per_gather"": ""0""}",163.862
I-0,default,1,Q12c,jsonb,15,14.38,14.739,14.897,15.332,18.076,0.025,0.029,0.042,0.046,0.05,Seq Scan on T,-,25,498,25,498,981,0,None,None,None,0,False,"{""jit"": ""off"", ""max_parallel_workers_per_gather"": ""0""}",16.625
I-0,default,1,Q16,json,15,73.004,75.423,78.578,81.293,89.183,0.029,0.032,0.042,0.048,0.056,Seq Scan on T,-,1,78,1,78,1250,0,None,None,None,0,False,"{""jit"": ""off"", ""max_parallel_workers_per_gather"": ""0""}",75.869
I-0,default,1,Q16,jsonb,15,11.092,11.548,12.029,13.04,15.223,0.026,0.029,0.041,0.047,0.053,Seq Scan on T,-,1,78,1,78,981,0,None,None,None,0,False,"{""jit"": ""off"", ""max_parallel_workers_per_gather"": ""0""}",11.844
I-0,default,1,Q17,json,15,97.494,100.556,101.416,105.9,112.37,0.035,0.04,0.044,0.053,0.056,Aggregate [Seq Scan on T],-,200,8,5000,5000,1250,0,None,None,None,0,False,"{""jit"": ""off"", ""max_parallel_workers_per_gather"": ""0""}",121.761
I-0,default,1,Q17,jsonb,15,11.144,11.391,12.035,13.46,15.68,0.028,0.03,0.05,0.054,0.069,Aggregate [Seq Scan on T],-,5000,8,5000,5000,981,0,None,None,None,0,False,"{""jit"": ""off"", ""max_parallel_workers_per_gather"": ""0""}",11.768
I-0,default,1,Q09,json,15,53.811,55.414,56.319,59.882,67.255,0.026,0.027,0.039,0.044,0.049,Seq Scan on T,-,25,1528,25,1528,1250,0,None,None,None,0,False,"{""jit"": ""off"", ""max_parallel_workers_per_gather"": ""0""}",51.723
I-0,default,1,Q09,jsonb,15,10.164,10.278,10.837,11.131,14.004,0.023,0.024,0.033,0.041,0.049,Seq Scan on T,-,25,1528,25,1528,981,0,None,None,None,0,False,"{""jit"": ""off"", ""max_parallel_workers_per_gather"": ""0""}",10.236
I-0,default,1,C1,jsonb,15,9.852,9.948,10.23,10.622,10.924,0.021,0.022,0.023,0.025,0.043,Seq Scan on T,-,50,12,50,12,981,0,None,None,None,0,False,"{""jit"": ""off"", ""max_parallel_workers_per_gather"": ""0""}",10.175
I-0,default,1,C1b,jsonb,15,10.564,10.743,11.042,12.025,13.264,0.021,0.023,0.024,0.027,0.034,Seq Scan on T,-,50,30,50,30,981,0,None,None,None,0,False,"{""jit"": ""off"", ""max_parallel_workers_per_gather"": ""0""}",10.799
I-0,default,1,C1c,jsonb,15,10.152,10.418,10.616,11.674,16.114,0.022,0.023,0.024,0.029,0.036,Seq Scan on T,-,50,3,50,3,981,0,None,None,None,0,False,"{""jit"": ""off"", ""max_parallel_workers_per_gather"": ""0""}",11.865
I-0,default,1,C1d,jsonb,15,10.384,10.693,10.947,12.366,12.93,0.022,0.022,0.024,0.028,0.055,Seq Scan on T,-,50,225,50,225,981,0,None,None,None,0,False,"{""jit"": ""off"", ""max_parallel_workers_per_gather"": ""0""}",13.482
I-0,default,1,C2,jsonb,15,9.346,10.032,10.846,12.861,20.727,0.022,0.023,0.025,0.038,0.083,Seq Scan on T,-,50,3,50,3,981,0,None,None,None,0,False,"{""jit"": ""off"", ""max_parallel_workers_per_gather"": ""0""}",9.645
I-0,default,1,C3,jsonb,15,10.887,11.255,11.644,12.88,19.745,0.022,0.024,0.025,0.033,0.053,Seq Scan on T,-,50,30,50,30,981,0,None,None,None,0,False,"{""jit"": ""off"", ""max_parallel_workers_per_gather"": ""0""}",12.247
I-0,default,1,C3b,jsonb,15,10.181,10.483,10.831,12.53,14.906,0.022,0.022,0.024,0.03,0.044,Seq Scan on T,-,50,12,50,12,981,0,None,None,None,0,False,"{""jit"": ""off"", ""max_parallel_workers_per_gather"": ""0""}",10.113
I-0,default,1,Q21,jsonb,15,10.664,10.847,10.982,12.062,14.057,0.021,0.022,0.023,0.03,0.036,Seq Scan on T,-,2500,30,2500,30,981,0,None,None,None,0,False,"{""jit"": ""off"", ""max_parallel_workers_per_gather"": ""0""}",10.728
I-0,default,2,Q07,json,15,54.379,55.823,56.596,59.551,62.656,0.026,0.027,0.03,0.038,0.088,Seq Scan on T,-,25,12,25,12,1250,0,None,None,None,0,False,"{""jit"": ""off"", ""max_parallel_workers_per_gather"": ""0""}",56.024
I-0,default,2,Q07,jsonb,15,9.986,10.298,10.49,11.165,12.818,0.023,0.026,0.04,0.042,0.056,Seq Scan on T,-,25,12,25,12,981,0,None,None,None,0,False,"{""jit"": ""off"", ""max_parallel_workers_per_gather"": ""0""}",10.591
I-0,default,2,Q08,json,15,97.088,98.597,100.201,102.225,116.72,0.026,0.028,0.032,0.043,0.045,Seq Scan on T,-,25,225,25,225,1250,0,None,None,None,0,False,"{""jit"": ""off"", ""max_parallel_workers_per_gather"": ""0""}",106.293
I-0,default,2,Q08,jsonb,15,10.246,10.541,10.836,11.223,12.225,0.022,0.024,0.04,0.043,0.047,Seq Scan on T,-,25,225,25,225,981,0,None,None,None,0,False,"{""jit"": ""off"", ""max_parallel_workers_per_gather"": ""0""}",10.947
I-0,default,2,Q10,json,15,96.732,98.594,103.713,107.725,116.289,0.028,0.03,0.042,0.046,0.061,Seq Scan on T,-,25,30,25,30,1250,0,None,None,None,0,False,"{""jit"": ""off"", ""max_parallel_workers_per_gather"": ""0""}",102.479
I-0,default,2,Q10,jsonb,15,10.246,10.56,10.934,11.947,13.474,0.024,0.025,0.042,0.047,0.057,Seq Scan on T,-,25,30,25,30,981,0,None,None,None,0,False,"{""jit"": ""off"", ""max_parallel_workers_per_gather"": ""0""}",11.266
I-0,default,2,Q11a,json,15,109.264,113.1,122.133,134.811,139.005,0.032,0.034,0.036,0.046,0.054,Seq Scan on T,-,25,422,25,422,1250,0,None,None,None,0,False,"{""jit"": ""off"", ""max_parallel_workers_per_gather"": ""0""}",121.685
I-0,default,2,Q11a,jsonb,15,13.056,13.245,13.381,13.584,15.188,0.029,0.031,0.048,0.055,0.056,Seq Scan on T,-,25,422,25,422,981,0,None,None,None,0,False,"{""jit"": ""off"", ""max_parallel_workers_per_gather"": ""0""}",19.634
I-0,default,2,Q11b,json,15,161.322,168.585,171.537,183.527,193.719,0.034,0.037,0.045,0.052,0.054,Seq Scan on T,-,25,3064,25,3064,1250,0,None,None,None,0,False,"{""jit"": ""off"", ""max_parallel_workers_per_gather"": ""0""}",169.651
I-0,default,2,Q11b,jsonb,15,18.496,19.171,19.695,20.662,26.448,0.03,0.035,0.049,0.051,0.087,Seq Scan on T,-,25,3064,25,3064,981,0,None,None,None,0,False,"{""jit"": ""off"", ""max_parallel_workers_per_gather"": ""0""}",20.438
I-0,default,2,Q12a,json,15,137.641,141.432,146.686,154.466,163.87,0.029,0.031,0.046,0.048,0.179,Seq Scan on T,-,25,13,25,13,1250,0,None,None,None,0,False,"{""jit"": ""off"", ""max_parallel_workers_per_gather"": ""0""}",165.388
I-0,default,2,Q12a,jsonb,15,14.492,14.789,15.256,16.273,18.578,0.025,0.026,0.044,0.046,0.048,Seq Scan on T,-,25,13,25,13,981,0,None,None,None,0,False,"{""jit"": ""off"", ""max_parallel_workers_per_gather"": ""0""}",15.265
I-0,default,2,Q12b,json,15,138.58,146.221,149.318,159.952,161.956,0.029,0.033,0.037,0.046,0.047,Seq Scan on T,-,25,108,25,108,1250,0,None,None,None,0,False,"{""jit"": ""off"", ""max_parallel_workers_per_gather"": ""0""}",145.341
I-0,default,2,Q12b,jsonb,15,14.284,14.769,15.045,15.367,18.306,0.025,0.028,0.044,0.046,0.106,Seq Scan on T,-,25,108,25,108,981,0,None,None,None,0,False,"{""jit"": ""off"", ""max_parallel_workers_per_gather"": ""0""}",14.619
I-0,default,2,Q12c,json,15,139.274,144.555,147.424,156.341,163.5,0.028,0.031,0.04,0.047,0.05,Seq Scan on T,-,25,498,25,498,1250,0,None,None,None,0,False,"{""jit"": ""off"", ""max_parallel_workers_per_gather"": ""0""}",152.391
I-0,default,2,Q12c,jsonb,15,14.529,14.978,15.268,15.965,16.629,0.026,0.032,0.043,0.047,0.09,Seq Scan on T,-,25,498,25,498,981,0,None,None,None,0,False,"{""jit"": ""off"", ""max_parallel_workers_per_gather"": ""0""}",15.01
I-0,default,2,Q16,json,15,72.4,75.378,76.343,79.367,116.942,0.029,0.032,0.035,0.046,0.054,Seq Scan on T,-,1,78,1,78,1250,0,None,None,None,0,False,"{""jit"": ""off"", ""max_parallel_workers_per_gather"": ""0""}",80.342
I-0,default,2,Q16,jsonb,15,11.151,11.591,11.832,12.03,12.983,0.027,0.028,0.042,0.047,0.093,Seq Scan on T,-,1,78,1,78,981,0,None,None,None,0,False,"{""jit"": ""off"", ""max_parallel_workers_per_gather"": ""0""}",12.106
I-0,default,2,Q17,json,15,96.915,99.064,101.654,112.288,128.741,0.033,0.04,0.048,0.053,0.078,Aggregate [Seq Scan on T],-,200,8,5000,5000,1250,0,None,None,None,0,False,"{""jit"": ""off"", ""max_parallel_workers_per_gather"": ""0""}",99.812
I-0,default,2,Q17,jsonb,15,10.98,11.466,12.227,14.104,16.962,0.027,0.031,0.049,0.056,0.126,Aggregate [Seq Scan on T],-,5000,8,5000,5000,981,0,None,None,None,0,False,"{""jit"": ""off"", ""max_parallel_workers_per_gather"": ""0""}",12.07
I-0,default,2,Q09,json,15,51.971,53.876,57.655,58.693,73.388,0.025,0.026,0.034,0.037,0.052,Seq Scan on T,-,25,1528,25,1528,1250,0,None,None,None,0,False,"{""jit"": ""off"", ""max_parallel_workers_per_gather"": ""0""}",64.904
I-0,default,2,Q09,jsonb,15,9.948,10.245,10.84,11.277,11.846,0.023,0.025,0.03,0.034,0.046,Seq Scan on T,-,25,1528,25,1528,981,0,None,None,None,0,False,"{""jit"": ""off"", ""max_parallel_workers_per_gather"": ""0""}",10.381
I-0,default,2,C1,jsonb,15,9.625,10.202,11.161,11.795,16.627,0.021,0.023,0.028,0.038,0.044,Seq Scan on T,-,50,12,50,12,981,0,None,None,None,0,False,"{""jit"": ""off"", ""max_parallel_workers_per_gather"": ""0""}",11.775
I-0,default,2,C1b,jsonb,15,10.688,10.969,11.396,11.698,12.375,0.022,0.023,0.025,0.04,0.066,Seq Scan on T,-,50,30,50,30,981,0,None,None,None,0,False,"{""jit"": ""off"", ""max_parallel_workers_per_gather"": ""0""}",11.149
I-0,default,2,C1c,jsonb,15,10.289,10.475,11.139,11.897,13.489,0.022,0.022,0.025,0.033,0.05,Seq Scan on T,-,50,3,50,3,981,0,None,None,None,0,False,"{""jit"": ""off"", ""max_parallel_workers_per_gather"": ""0""}",11.509
I-0,default,2,C1d,jsonb,15,10.685,10.926,11.043,11.831,12.422,0.022,0.022,0.024,0.026,0.032,Seq Scan on T,-,50,225,50,225,981,0,None,None,None,0,False,"{""jit"": ""off"", ""max_parallel_workers_per_gather"": ""0""}",12.184
I-0,default,2,C2,jsonb,15,9.618,9.796,9.982,10.245,10.825,0.022,0.023,0.024,0.027,0.032,Seq Scan on T,-,50,3,50,3,981,0,None,None,None,0,False,"{""jit"": ""off"", ""max_parallel_workers_per_gather"": ""0""}",12.105
I-0,default,2,C3,jsonb,15,10.286,10.79,11.175,12.165,16.498,0.021,0.023,0.025,0.027,0.031,Seq Scan on T,-,50,30,50,30,981,0,None,None,None,0,False,"{""jit"": ""off"", ""max_parallel_workers_per_gather"": ""0""}",12.771
I-0,default,2,C3b,jsonb,15,9.934,10.617,11.054,12.365,17.76,0.022,0.023,0.028,0.031,0.058,Seq Scan on T,-,50,12,50,12,981,0,None,None,None,0,False,"{""jit"": ""off"", ""max_parallel_workers_per_gather"": ""0""}",10.431
I-0,default,2,Q21,jsonb,15,10.416,10.68,11.115,11.905,19.454,0.02,0.022,0.023,0.025,0.043,Seq Scan on T,-,2500,30,2500,30,981,0,None,None,None,0,False,"{""jit"": ""off"", ""max_parallel_workers_per_gather"": ""0""}",11.423
I-1,default,1,Q07,json,15,0.015,0.015,0.015,0.015,0.017,0.04,0.041,0.041,0.042,0.085,Index Scan using T_i1a_record_validity,T_i1a_record_validity,12,12,12,12,14,0,None,None,0,0,False,"{""jit"": ""off"", ""max_parallel_workers_per_gather"": ""0""}",0.016
I-1,default,1,Q07,jsonb,15,0.014,0.015,0.015,0.015,0.017,0.04,0.04,0.04,0.041,0.045,Index Scan using T_i1a_record_validity,T_i1a_record_validity,12,12,12,12,14,0,None,None,0,0,False,"{""jit"": ""off"", ""max_parallel_workers_per_gather"": ""0""}",0.016
I-1,default,1,Q08,json,15,0.105,0.105,0.11,0.111,0.116,0.042,0.042,0.044,0.044,0.062,Bitmap Heap Scan on T [Bitmap Index Scan using T_i1b_entity_type_code],T_i1b_entity_type_code,225,225,225,225,207,0,205,0,0,0,False,"{""jit"": ""off"", ""max_parallel_workers_per_gather"": ""0""}",0.114
I-1,default,1,Q08,jsonb,15,0.104,0.105,0.109,0.11,0.129,0.041,0.041,0.043,0.043,0.044,Bitmap Heap Scan on T [Bitmap Index Scan using T_i1b_entity_type_code],T_i1b_entity_type_code,225,225,225,225,200,0,198,0,0,0,False,"{""jit"": ""off"", ""max_parallel_workers_per_gather"": ""0""}",0.113
I-1,default,1,Q10,json,15,0.028,0.029,0.036,0.037,0.04,0.041,0.041,0.052,0.053,0.065,Bitmap Heap Scan on T [Bitmap Index Scan using T_i1c_status_code],T_i1c_status_code,30,30,30,30,32,0,30,0,0,0,False,"{""jit"": ""off"", ""max_parallel_workers_per_gather"": ""0""}",0.03
I-1,default,1,Q10,jsonb,15,0.029,0.029,0.029,0.037,0.038,0.04,0.041,0.042,0.052,0.059,Bitmap Heap Scan on T [Bitmap Index Scan using T_i1c_status_code],T_i1c_status_code,30,30,30,30,32,0,30,0,0,0,False,"{""jit"": ""off"", ""max_parallel_workers_per_gather"": ""0""}",0.031
I-1,default,1,Q11a,json,15,0.206,0.208,0.21,0.216,0.278,0.066,0.066,0.066,0.068,0.184,Bitmap Heap Scan on T [Bitmap Index Scan using T_i1d_latitude_degrees],T_i1d_latitude_degrees,406,422,406,422,365,0,362,0,0,0,False,"{""jit"": ""off"", ""max_parallel_workers_per_gather"": ""0""}",0.223
I-1,default,1,Q11a,jsonb,15,0.202,0.203,0.21,0.213,0.345,0.065,0.066,0.066,0.067,0.112,Bitmap Heap Scan on T [Bitmap Index Scan using T_i1d_latitude_degrees],T_i1d_latitude_degrees,406,422,406,422,340,0,337,0,0,0,False,"{""jit"": ""off"", ""max_parallel_workers_per_gather"": ""0""}",0.218
I-1,default,1,Q11b,json,15,164.168,175.327,184.045,194.592,227.105,0.084,0.098,0.116,0.121,0.131,Seq Scan on T,-,3086,3064,3086,3064,1250,0,None,None,None,0,False,"{""jit"": ""off"", ""max_parallel_workers_per_gather"": ""0""}",173.127
I-1,default,1,Q11b,jsonb,15,18.353,20.021,21.574,22.948,25.059,0.075,0.101,0.114,0.133,0.183,Seq Scan on T,-,3086,3064,3086,3064,981,0,None,None,None,0,False,"{""jit"": ""off"", ""max_parallel_workers_per_gather"": ""0""}",23.592
I-1,default,1,Q12a,json,15,0.016,0.016,0.016,0.017,0.019,0.052,0.053,0.053,0.054,0.059,Index Scan using T_i1e_event_timestamp_utc,T_i1e_event_timestamp_utc,1,13,1,13,15,0,None,None,0,0,False,"{""jit"": ""off"", ""max_parallel_workers_per_gather"": ""0""}",0.017
I-1,default,1,Q12a,jsonb,15,0.016,0.016,0.017,0.017,0.019,0.052,0.052,0.053,0.054,0.059,Index Scan using T_i1e_event_timestamp_utc,T_i1e_event_timestamp_utc,1,13,1,13,15,0,None,None,0,0,False,"{""jit"": ""off"", ""max_parallel_workers_per_gather"": ""0""}",0.017
I-1,default,1,Q12b,json,15,0.065,0.065,0.066,0.067,0.069,0.056,0.056,0.057,0.057,0.058,Bitmap Heap Scan on T [Bitmap Index Scan using T_i1e_event_timestamp_utc],T_i1e_event_timestamp_utc,88,108,88,108,105,0,102,0,0,0,False,"{""jit"": ""off"", ""max_parallel_workers_per_gather"": ""0""}",0.071
I-1,default,1,Q12b,jsonb,15,0.066,0.066,0.067,0.069,0.088,0.055,0.056,0.056,0.056,0.092,Bitmap Heap Scan on T [Bitmap Index Scan using T_i1e_event_timestamp_utc],T_i1e_event_timestamp_utc,88,108,88,108,105,0,102,0,0,0,False,"{""jit"": ""off"", ""max_parallel_workers_per_gather"": ""0""}",0.071
I-1,default,1,Q12c,json,15,0.227,0.229,0.237,0.244,0.259,0.058,0.058,0.059,0.061,0.063,Bitmap Heap Scan on T [Bitmap Index Scan using T_i1e_event_timestamp_utc],T_i1e_event_timestamp_utc,500,498,500,498,424,0,419,0,0,0,False,"{""jit"": ""off"", ""max_parallel_workers_per_gather"": ""0""}",0.264
I-1,default,1,Q12c,jsonb,15,0.224,0.225,0.226,0.236,0.253,0.058,0.058,0.058,0.06,0.062,Bitmap Heap Scan on T [Bitmap Index Scan using T_i1e_event_timestamp_utc],T_i1e_event_timestamp_utc,500,498,500,498,408,0,403,0,0,0,False,"{""jit"": ""off"", ""max_parallel_workers_per_gather"": ""0""}",0.268
I-1,default,1,Q16,json,15,5.146,5.576,5.735,5.882,9.895,0.048,0.051,0.055,0.06,0.099,Bitmap Heap Scan on T [Bitmap Index Scan using T_i1c_status_code],T_i1c_status_code,2,78,2,78,429,0,427,0,0,0,False,"{""jit"": ""off"", ""max_parallel_workers_per_gather"": ""0""}",11.071
I-1,default,1,Q16,jsonb,15,1.331,1.344,1.42,1.471,1.54,0.047,0.051,0.053,0.058,0.06,Bitmap Heap Scan on T [Bitmap Index Scan using T_i1c_status_code],T_i1c_status_code,2,78,2,78,406,0,404,0,0,0,False,"{""jit"": ""off"", ""max_parallel_workers_per_gather"": ""0""}",1.665
I-1,default,1,Q17,json,15,97.007,102.694,104.302,106.341,116.866,0.06,0.065,0.082,0.086,0.101,Aggregate [Seq Scan on T],-,7,8,5000,5000,1250,0,None,None,None,0,False,"{""jit"": ""off"", ""max_parallel_workers_per_gather"": ""0""}",127.137
I-1,default,1,Q17,jsonb,15,11.149,11.357,11.597,12.264,17.767,0.049,0.055,0.081,0.087,0.111,Aggregate [Seq Scan on T],-,7,8,5000,5000,981,0,None,None,None,0,False,"{""jit"": ""off"", ""max_parallel_workers_per_gather"": ""0""}",11.618
I-1,default,1,Q09,json,15,56.141,59.202,60.333,67.129,80.855,0.047,0.062,0.067,0.073,0.16,Seq Scan on T,-,25,1528,25,1528,1250,0,None,None,None,0,False,"{""jit"": ""off"", ""max_parallel_workers_per_gather"": ""0""}",61.574
I-1,default,1,Q09,jsonb,15,10.355,12.149,12.51,13.054,17.465,0.039,0.062,0.065,0.074,0.088,Seq Scan on T,-,25,1528,25,1528,981,0,None,None,None,0,False,"{""jit"": ""off"", ""max_parallel_workers_per_gather"": ""0""}",12.453
I-1,forced,1,Q07,json,15,0.015,0.016,0.017,0.022,0.034,0.04,0.042,0.044,0.057,0.11,Index Scan using T_i1a_record_validity,T_i1a_record_validity,12,12,12,12,14,0,None,None,0,0,False,"{""enable_seqscan"": ""off"", ""jit"": ""off"", ""max_parallel_workers_per_gather"": ""0""}",0.022
I-1,forced,1,Q07,jsonb,15,0.015,0.016,0.017,0.022,0.032,0.039,0.044,0.048,0.06,0.113,Index Scan using T_i1a_record_validity,T_i1a_record_validity,12,12,12,12,14,0,None,None,0,0,False,"{""enable_seqscan"": ""off"", ""jit"": ""off"", ""max_parallel_workers_per_gather"": ""0""}",0.021
I-1,forced,1,Q08,json,15,0.107,0.108,0.113,0.126,0.147,0.042,0.042,0.044,0.049,0.05,Bitmap Heap Scan on T [Bitmap Index Scan using T_i1b_entity_type_code],T_i1b_entity_type_code,225,225,225,225,207,0,205,0,0,0,False,"{""enable_seqscan"": ""off"", ""jit"": ""off"", ""max_parallel_workers_per_gather"": ""0""}",0.117
I-1,forced,1,Q08,jsonb,15,0.107,0.112,0.113,0.125,0.152,0.042,0.043,0.044,0.049,0.064,Bitmap Heap Scan on T [Bitmap Index Scan using T_i1b_entity_type_code],T_i1b_entity_type_code,225,225,225,225,200,0,198,0,0,0,False,"{""enable_seqscan"": ""off"", ""jit"": ""off"", ""max_parallel_workers_per_gather"": ""0""}",0.117
I-1,forced,1,Q10,json,15,0.029,0.03,0.03,0.03,0.033,0.041,0.042,0.042,0.043,0.046,Bitmap Heap Scan on T [Bitmap Index Scan using T_i1c_status_code],T_i1c_status_code,30,30,30,30,32,0,30,0,0,0,False,"{""enable_seqscan"": ""off"", ""jit"": ""off"", ""max_parallel_workers_per_gather"": ""0""}",0.031
I-1,forced,1,Q10,jsonb,15,0.03,0.03,0.03,0.031,0.051,0.041,0.041,0.042,0.042,0.056,Bitmap Heap Scan on T [Bitmap Index Scan using T_i1c_status_code],T_i1c_status_code,30,30,30,30,32,0,30,0,0,0,False,"{""enable_seqscan"": ""off"", ""jit"": ""off"", ""max_parallel_workers_per_gather"": ""0""}",0.061
I-1,forced,1,Q11a,json,15,0.213,0.225,0.243,0.375,0.526,0.067,0.069,0.077,0.101,0.109,Bitmap Heap Scan on T [Bitmap Index Scan using T_i1d_latitude_degrees],T_i1d_latitude_degrees,406,422,406,422,365,0,362,0,0,0,False,"{""enable_seqscan"": ""off"", ""jit"": ""off"", ""max_parallel_workers_per_gather"": ""0""}",0.234
I-1,forced,1,Q11a,jsonb,15,0.206,0.214,0.216,0.236,0.431,0.067,0.075,0.08,0.081,0.141,Bitmap Heap Scan on T [Bitmap Index Scan using T_i1d_latitude_degrees],T_i1d_latitude_degrees,406,422,406,422,340,0,337,0,0,0,False,"{""enable_seqscan"": ""off"", ""jit"": ""off"", ""max_parallel_workers_per_gather"": ""0""}",0.239
I-1,forced,1,Q11b,json,15,1.111,1.182,1.236,1.256,1.28,0.077,0.08,0.082,0.084,0.143,Bitmap Heap Scan on T [Bitmap Index Scan using T_i1d_latitude_degrees],T_i1d_latitude_degrees,3086,3064,3086,3064,1233,0,1222,0,0,0,False,"{""enable_seqscan"": ""off"", ""jit"": ""off"", ""max_parallel_workers_per_gather"": ""0""}",1.254
I-1,forced,1,Q11b,jsonb,15,1.019,1.095,1.137,1.172,1.246,0.073,0.08,0.081,0.091,0.103,Bitmap Heap Scan on T [Bitmap Index Scan using T_i1d_latitude_degrees],T_i1d_latitude_degrees,3086,3064,3086,3064,980,0,969,0,0,0,False,"{""enable_seqscan"": ""off"", ""jit"": ""off"", ""max_parallel_workers_per_gather"": ""0""}",1.199
I-1,forced,1,Q12a,json,15,0.018,0.019,0.019,0.019,0.019,0.059,0.061,0.062,0.062,0.074,Index Scan using T_i1e_event_timestamp_utc,T_i1e_event_timestamp_utc,1,13,1,13,15,0,None,None,0,0,False,"{""enable_seqscan"": ""off"", ""jit"": ""off"", ""max_parallel_workers_per_gather"": ""0""}",0.02
I-1,forced,1,Q12a,jsonb,15,0.019,0.019,0.019,0.019,0.02,0.058,0.061,0.062,0.062,0.073,Index Scan using T_i1e_event_timestamp_utc,T_i1e_event_timestamp_utc,1,13,1,13,15,0,None,None,0,0,False,"{""enable_seqscan"": ""off"", ""jit"": ""off"", ""max_parallel_workers_per_gather"": ""0""}",0.023
I-1,forced,1,Q12b,json,15,0.074,0.075,0.076,0.078,0.088,0.061,0.063,0.064,0.065,0.079,Bitmap Heap Scan on T [Bitmap Index Scan using T_i1e_event_timestamp_utc],T_i1e_event_timestamp_utc,88,108,88,108,105,0,102,0,0,0,False,"{""enable_seqscan"": ""off"", ""jit"": ""off"", ""max_parallel_workers_per_gather"": ""0""}",0.089
I-1,forced,1,Q12b,jsonb,15,0.074,0.076,0.076,0.077,0.173,0.062,0.062,0.064,0.064,0.072,Bitmap Heap Scan on T [Bitmap Index Scan using T_i1e_event_timestamp_utc],T_i1e_event_timestamp_utc,88,108,88,108,105,0,102,0,0,0,False,"{""enable_seqscan"": ""off"", ""jit"": ""off"", ""max_parallel_workers_per_gather"": ""0""}",0.08
I-1,forced,1,Q12c,json,15,0.262,0.264,0.275,0.292,0.435,0.065,0.067,0.067,0.068,0.112,Bitmap Heap Scan on T [Bitmap Index Scan using T_i1e_event_timestamp_utc],T_i1e_event_timestamp_utc,500,498,500,498,424,0,419,0,0,0,False,"{""enable_seqscan"": ""off"", ""jit"": ""off"", ""max_parallel_workers_per_gather"": ""0""}",0.292
I-1,forced,1,Q12c,jsonb,15,0.26,0.262,0.276,0.281,0.307,0.065,0.066,0.067,0.068,0.112,Bitmap Heap Scan on T [Bitmap Index Scan using T_i1e_event_timestamp_utc],T_i1e_event_timestamp_utc,500,498,500,498,408,0,403,0,0,0,False,"{""enable_seqscan"": ""off"", ""jit"": ""off"", ""max_parallel_workers_per_gather"": ""0""}",0.291
I-1,forced,1,Q16,json,15,4.966,5.391,5.608,5.746,5.946,0.047,0.052,0.055,0.066,0.139,Bitmap Heap Scan on T [Bitmap Index Scan using T_i1c_status_code],T_i1c_status_code,2,78,2,78,429,0,427,0,0,0,False,"{""enable_seqscan"": ""off"", ""jit"": ""off"", ""max_parallel_workers_per_gather"": ""0""}",5.062
I-1,forced,1,Q16,jsonb,15,1.316,1.483,1.533,1.644,3.036,0.046,0.052,0.059,0.072,0.119,Bitmap Heap Scan on T [Bitmap Index Scan using T_i1c_status_code],T_i1c_status_code,2,78,2,78,406,0,404,0,0,0,False,"{""enable_seqscan"": ""off"", ""jit"": ""off"", ""max_parallel_workers_per_gather"": ""0""}",1.568
I-1,forced,1,Q17,json,15,102.695,105.657,112.836,124.662,139.807,0.065,0.078,0.09,0.12,0.173,Aggregate [Index Scan using T_i1b_entity_type_code],T_i1b_entity_type_code,7,8,5000,5000,3755,0,None,None,None,0,False,"{""enable_seqscan"": ""off"", ""jit"": ""off"", ""max_parallel_workers_per_gather"": ""0""}",107.539
I-1,forced,1,Q17,jsonb,15,11.589,12.577,13.466,14.237,17.683,0.071,0.075,0.083,0.087,0.089,Aggregate [Index Scan using T_i1b_entity_type_code],T_i1b_entity_type_code,7,8,5000,5000,3446,0,None,None,None,0,False,"{""enable_seqscan"": ""off"", ""jit"": ""off"", ""max_parallel_workers_per_gather"": ""0""}",14.169
I-1,forced,1,Q09,json,15,57.508,59.307,62.761,67.936,77.729,0.054,0.057,0.073,0.078,0.107,Seq Scan on T,-,25,1528,25,1528,1250,0,None,None,None,0,False,"{""enable_seqscan"": ""off"", ""jit"": ""off"", ""max_parallel_workers_per_gather"": ""0""}",60.424
I-1,forced,1,Q09,jsonb,15,11.285,12.098,12.616,13.66,17.559,0.052,0.062,0.07,0.076,0.101,Seq Scan on T,-,25,1528,25,1528,981,0,None,None,None,0,False,"{""enable_seqscan"": ""off"", ""jit"": ""off"", ""max_parallel_workers_per_gather"": ""0""}",10.8
I-1,default,2,Q07,json,15,0.015,0.016,0.019,0.02,0.023,0.041,0.051,0.051,0.053,0.059,Index Scan using T_i1a_record_validity,T_i1a_record_validity,12,12,12,12,14,0,None,None,0,0,False,"{""jit"": ""off"", ""max_parallel_workers_per_gather"": ""0""}",0.016
I-1,default,2,Q07,jsonb,15,0.015,0.019,0.019,0.02,0.022,0.04,0.05,0.051,0.054,0.06,Index Scan using T_i1a_record_validity,T_i1a_record_validity,12,12,12,12,14,0,None,None,0,0,False,"{""jit"": ""off"", ""max_parallel_workers_per_gather"": ""0""}",0.015
I-1,default,2,Q08,json,15,0.11,0.11,0.11,0.111,0.111,0.043,0.043,0.043,0.044,0.044,Bitmap Heap Scan on T [Bitmap Index Scan using T_i1b_entity_type_code],T_i1b_entity_type_code,225,225,225,225,207,0,205,0,0,0,False,"{""jit"": ""off"", ""max_parallel_workers_per_gather"": ""0""}",0.12
I-1,default,2,Q08,jsonb,15,0.109,0.11,0.11,0.111,0.193,0.043,0.043,0.043,0.044,0.097,Bitmap Heap Scan on T [Bitmap Index Scan using T_i1b_entity_type_code],T_i1b_entity_type_code,225,225,225,225,200,0,198,0,0,0,False,"{""jit"": ""off"", ""max_parallel_workers_per_gather"": ""0""}",0.126
I-1,default,2,Q10,json,15,0.03,0.03,0.03,0.031,0.034,0.042,0.043,0.043,0.043,0.055,Bitmap Heap Scan on T [Bitmap Index Scan using T_i1c_status_code],T_i1c_status_code,30,30,30,30,32,0,30,0,0,0,False,"{""jit"": ""off"", ""max_parallel_workers_per_gather"": ""0""}",0.032
I-1,default,2,Q10,jsonb,15,0.03,0.031,0.031,0.031,0.034,0.042,0.042,0.043,0.043,0.047,Bitmap Heap Scan on T [Bitmap Index Scan using T_i1c_status_code],T_i1c_status_code,30,30,30,30,32,0,30,0,0,0,False,"{""jit"": ""off"", ""max_parallel_workers_per_gather"": ""0""}",0.032
I-1,default,2,Q11a,json,15,0.216,0.222,0.228,0.256,0.287,0.069,0.069,0.071,0.079,0.09,Bitmap Heap Scan on T [Bitmap Index Scan using T_i1d_latitude_degrees],T_i1d_latitude_degrees,406,422,406,422,365,0,362,0,0,0,False,"{""jit"": ""off"", ""max_parallel_workers_per_gather"": ""0""}",0.234
I-1,default,2,Q11a,jsonb,15,0.217,0.221,0.226,0.251,0.282,0.068,0.069,0.071,0.079,0.12,Bitmap Heap Scan on T [Bitmap Index Scan using T_i1d_latitude_degrees],T_i1d_latitude_degrees,406,422,406,422,340,0,337,0,0,0,False,"{""jit"": ""off"", ""max_parallel_workers_per_gather"": ""0""}",0.236
I-1,default,2,Q11b,json,15,173.243,175.259,178.398,183.112,196.538,0.081,0.09,0.111,0.117,0.174,Seq Scan on T,-,3086,3064,3086,3064,1250,0,None,None,None,0,False,"{""jit"": ""off"", ""max_parallel_workers_per_gather"": ""0""}",198.038
I-1,default,2,Q11b,jsonb,15,19.487,19.903,20.664,22.274,29.707,0.07,0.077,0.111,0.113,0.122,Seq Scan on T,-,3086,3064,3086,3064,981,0,None,None,None,0,False,"{""jit"": ""off"", ""max_parallel_workers_per_gather"": ""0""}",23.838
I-1,default,2,Q12a,json,15,0.018,0.018,0.019,0.019,0.022,0.057,0.058,0.06,0.061,0.073,Index Scan using T_i1e_event_timestamp_utc,T_i1e_event_timestamp_utc,1,13,1,13,15,0,None,None,0,0,False,"{""jit"": ""off"", ""max_parallel_workers_per_gather"": ""0""}",0.019
I-1,default,2,Q12a,jsonb,15,0.018,0.018,0.019,0.019,0.019,0.056,0.058,0.059,0.06,0.061,Index Scan using T_i1e_event_timestamp_utc,T_i1e_event_timestamp_utc,1,13,1,13,15,0,None,None,0,0,False,"{""jit"": ""off"", ""max_parallel_workers_per_gather"": ""0""}",0.051
I-1,default,2,Q12b,json,15,0.068,0.068,0.071,0.083,0.104,0.058,0.058,0.059,0.065,0.141,Bitmap Heap Scan on T [Bitmap Index Scan using T_i1e_event_timestamp_utc],T_i1e_event_timestamp_utc,88,108,88,108,105,0,102,0,0,0,False,"{""jit"": ""off"", ""max_parallel_workers_per_gather"": ""0""}",0.072
I-1,default,2,Q12b,jsonb,15,0.068,0.069,0.072,0.077,0.122,0.058,0.058,0.064,0.071,0.088,Bitmap Heap Scan on T [Bitmap Index Scan using T_i1e_event_timestamp_utc],T_i1e_event_timestamp_utc,88,108,88,108,105,0,102,0,0,0,False,"{""jit"": ""off"", ""max_parallel_workers_per_gather"": ""0""}",0.218
I-1,default,2,Q12c,json,15,0.239,0.249,0.287,0.43,0.766,0.06,0.064,0.072,0.091,0.161,Bitmap Heap Scan on T [Bitmap Index Scan using T_i1e_event_timestamp_utc],T_i1e_event_timestamp_utc,500,498,500,498,424,0,419,0,0,0,False,"{""jit"": ""off"", ""max_parallel_workers_per_gather"": ""0""}",0.281
I-1,default,2,Q12c,jsonb,15,0.247,0.259,0.281,0.481,0.677,0.063,0.069,0.081,0.106,0.177,Bitmap Heap Scan on T [Bitmap Index Scan using T_i1e_event_timestamp_utc],T_i1e_event_timestamp_utc,500,498,500,498,408,0,403,0,0,0,False,"{""jit"": ""off"", ""max_parallel_workers_per_gather"": ""0""}",0.275
I-1,default,2,Q16,json,15,5.378,5.465,5.733,5.947,6.46,0.051,0.053,0.057,0.07,0.081,Bitmap Heap Scan on T [Bitmap Index Scan using T_i1c_status_code],T_i1c_status_code,2,78,2,78,429,0,427,0,0,0,False,"{""jit"": ""off"", ""max_parallel_workers_per_gather"": ""0""}",5.448
I-1,default,2,Q16,jsonb,15,1.399,1.42,1.476,1.536,1.883,0.049,0.05,0.056,0.062,0.064,Bitmap Heap Scan on T [Bitmap Index Scan using T_i1c_status_code],T_i1c_status_code,2,78,2,78,406,0,404,0,0,0,False,"{""jit"": ""off"", ""max_parallel_workers_per_gather"": ""0""}",1.837
I-1,default,2,Q17,json,15,108.779,110.812,114.294,122.951,130.616,0.071,0.083,0.09,0.096,0.126,Aggregate [Seq Scan on T],-,7,8,5000,5000,1250,0,None,None,None,0,False,"{""jit"": ""off"", ""max_parallel_workers_per_gather"": ""0""}",127.212
I-1,default,2,Q17,jsonb,15,12.268,12.708,13.771,15.153,17.057,0.071,0.078,0.087,0.094,0.109,Aggregate [Seq Scan on T],-,7,8,5000,5000,981,0,None,None,None,0,False,"{""jit"": ""off"", ""max_parallel_workers_per_gather"": ""0""}",13.99
I-1,default,2,Q09,json,15,58.232,61.62,63.17,65.638,68.047,0.05,0.054,0.07,0.076,0.128,Seq Scan on T,-,25,1528,25,1528,1250,0,None,None,None,0,False,"{""jit"": ""off"", ""max_parallel_workers_per_gather"": ""0""}",64.865
I-1,default,2,Q09,jsonb,15,10.56,11.319,12.467,12.757,14.238,0.051,0.072,0.076,0.09,0.173,Seq Scan on T,-,25,1528,25,1528,981,0,None,None,None,0,False,"{""jit"": ""off"", ""max_parallel_workers_per_gather"": ""0""}",13.911
I-1,forced,2,Q07,json,15,0.015,0.015,0.016,0.018,0.046,0.04,0.04,0.042,0.051,0.084,Index Scan using T_i1a_record_validity,T_i1a_record_validity,12,12,12,12,14,0,None,None,0,0,False,"{""enable_seqscan"": ""off"", ""jit"": ""off"", ""max_parallel_workers_per_gather"": ""0""}",0.018
I-1,forced,2,Q07,jsonb,15,0.015,0.015,0.016,0.022,0.047,0.039,0.04,0.043,0.068,0.094,Index Scan using T_i1a_record_validity,T_i1a_record_validity,12,12,12,12,14,0,None,None,0,0,False,"{""enable_seqscan"": ""off"", ""jit"": ""off"", ""max_parallel_workers_per_gather"": ""0""}",0.018
I-1,forced,2,Q08,json,15,0.109,0.11,0.111,0.127,0.464,0.042,0.043,0.043,0.047,0.153,Bitmap Heap Scan on T [Bitmap Index Scan using T_i1b_entity_type_code],T_i1b_entity_type_code,225,225,225,225,207,0,205,0,0,0,False,"{""enable_seqscan"": ""off"", ""jit"": ""off"", ""max_parallel_workers_per_gather"": ""0""}",0.12
I-1,forced,2,Q08,jsonb,15,0.109,0.109,0.111,0.135,0.2,0.042,0.042,0.043,0.046,0.092,Bitmap Heap Scan on T [Bitmap Index Scan using T_i1b_entity_type_code],T_i1b_entity_type_code,225,225,225,225,200,0,198,0,0,0,False,"{""enable_seqscan"": ""off"", ""jit"": ""off"", ""max_parallel_workers_per_gather"": ""0""}",0.12
I-1,forced,2,Q10,json,15,0.03,0.031,0.031,0.037,0.04,0.042,0.043,0.044,0.053,0.104,Bitmap Heap Scan on T [Bitmap Index Scan using T_i1c_status_code],T_i1c_status_code,30,30,30,30,32,0,30,0,0,0,False,"{""enable_seqscan"": ""off"", ""jit"": ""off"", ""max_parallel_workers_per_gather"": ""0""}",0.038
I-1,forced,2,Q10,jsonb,15,0.031,0.031,0.032,0.037,0.041,0.042,0.042,0.044,0.051,0.055,Bitmap Heap Scan on T [Bitmap Index Scan using T_i1c_status_code],T_i1c_status_code,30,30,30,30,32,0,30,0,0,0,False,"{""enable_seqscan"": ""off"", ""jit"": ""off"", ""max_parallel_workers_per_gather"": ""0""}",0.038
I-1,forced,2,Q11a,json,15,0.216,0.227,0.243,0.263,0.478,0.068,0.07,0.08,0.088,0.193,Bitmap Heap Scan on T [Bitmap Index Scan using T_i1d_latitude_degrees],T_i1d_latitude_degrees,406,422,406,422,365,0,362,0,0,0,False,"{""enable_seqscan"": ""off"", ""jit"": ""off"", ""max_parallel_workers_per_gather"": ""0""}",0.231
I-1,forced,2,Q11a,jsonb,15,0.22,0.221,0.236,0.256,0.299,0.069,0.069,0.072,0.08,0.082,Bitmap Heap Scan on T [Bitmap Index Scan using T_i1d_latitude_degrees],T_i1d_latitude_degrees,406,422,406,422,340,0,337,0,0,0,False,"{""enable_seqscan"": ""off"", ""jit"": ""off"", ""max_parallel_workers_per_gather"": ""0""}",0.227
I-1,forced,2,Q11b,json,15,1.025,1.057,1.133,1.17,1.508,0.068,0.07,0.071,0.075,0.24,Bitmap Heap Scan on T [Bitmap Index Scan using T_i1d_latitude_degrees],T_i1d_latitude_degrees,3086,3064,3086,3064,1233,0,1222,0,0,0,False,"{""enable_seqscan"": ""off"", ""jit"": ""off"", ""max_parallel_workers_per_gather"": ""0""}",1.19
I-1,forced,2,Q11b,jsonb,15,0.962,0.971,0.989,1.083,1.303,0.069,0.069,0.07,0.071,0.102,Bitmap Heap Scan on T [Bitmap Index Scan using T_i1d_latitude_degrees],T_i1d_latitude_degrees,3086,3064,3086,3064,980,0,969,0,0,0,False,"{""enable_seqscan"": ""off"", ""jit"": ""off"", ""max_parallel_workers_per_gather"": ""0""}",1.539
I-1,forced,2,Q12a,json,15,0.018,0.018,0.019,0.021,0.03,0.058,0.06,0.062,0.07,0.098,Index Scan using T_i1e_event_timestamp_utc,T_i1e_event_timestamp_utc,1,13,1,13,15,0,None,None,0,0,False,"{""enable_seqscan"": ""off"", ""jit"": ""off"", ""max_parallel_workers_per_gather"": ""0""}",0.029
I-1,forced,2,Q12a,jsonb,15,0.018,0.018,0.019,0.019,0.034,0.058,0.059,0.061,0.068,0.148,Index Scan using T_i1e_event_timestamp_utc,T_i1e_event_timestamp_utc,1,13,1,13,15,0,None,None,0,0,False,"{""enable_seqscan"": ""off"", ""jit"": ""off"", ""max_parallel_workers_per_gather"": ""0""}",0.029
I-1,forced,2,Q12b,json,15,0.07,0.07,0.071,0.077,0.126,0.059,0.06,0.061,0.065,0.105,Bitmap Heap Scan on T [Bitmap Index Scan using T_i1e_event_timestamp_utc],T_i1e_event_timestamp_utc,88,108,88,108,105,0,102,0,0,0,False,"{""enable_seqscan"": ""off"", ""jit"": ""off"", ""max_parallel_workers_per_gather"": ""0""}",0.075
I-1,forced,2,Q12b,jsonb,15,0.07,0.071,0.074,0.122,0.147,0.059,0.06,0.06,0.065,0.107,Bitmap Heap Scan on T [Bitmap Index Scan using T_i1e_event_timestamp_utc],T_i1e_event_timestamp_utc,88,108,88,108,105,0,102,0,0,0,False,"{""enable_seqscan"": ""off"", ""jit"": ""off"", ""max_parallel_workers_per_gather"": ""0""}",0.075
I-1,forced,2,Q12c,json,15,0.236,0.242,0.259,0.364,0.676,0.06,0.061,0.064,0.069,0.191,Bitmap Heap Scan on T [Bitmap Index Scan using T_i1e_event_timestamp_utc],T_i1e_event_timestamp_utc,500,498,500,498,424,0,419,0,0,0,False,"{""enable_seqscan"": ""off"", ""jit"": ""off"", ""max_parallel_workers_per_gather"": ""0""}",0.279
I-1,forced,2,Q12c,jsonb,15,0.233,0.235,0.249,0.37,0.509,0.06,0.06,0.064,0.068,0.132,Bitmap Heap Scan on T [Bitmap Index Scan using T_i1e_event_timestamp_utc],T_i1e_event_timestamp_utc,500,498,500,498,408,0,403,0,0,0,False,"{""enable_seqscan"": ""off"", ""jit"": ""off"", ""max_parallel_workers_per_gather"": ""0""}",0.268
I-1,forced,2,Q16,json,15,5.465,5.661,6.002,6.178,6.974,0.051,0.052,0.055,0.06,0.078,Bitmap Heap Scan on T [Bitmap Index Scan using T_i1c_status_code],T_i1c_status_code,2,78,2,78,429,0,427,0,0,0,False,"{""enable_seqscan"": ""off"", ""jit"": ""off"", ""max_parallel_workers_per_gather"": ""0""}",5.584
I-1,forced,2,Q16,jsonb,15,1.385,1.444,1.472,1.688,2.111,0.049,0.052,0.062,0.064,0.082,Bitmap Heap Scan on T [Bitmap Index Scan using T_i1c_status_code],T_i1c_status_code,2,78,2,78,406,0,404,0,0,0,False,"{""enable_seqscan"": ""off"", ""jit"": ""off"", ""max_parallel_workers_per_gather"": ""0""}",1.446
I-1,forced,2,Q17,json,15,102.036,108.879,113.025,130.675,174.511,0.073,0.079,0.085,0.09,0.1,Aggregate [Index Scan using T_i1b_entity_type_code],T_i1b_entity_type_code,7,8,5000,5000,3755,0,None,None,None,0,False,"{""enable_seqscan"": ""off"", ""jit"": ""off"", ""max_parallel_workers_per_gather"": ""0""}",109.078
I-1,forced,2,Q17,jsonb,15,12.266,12.597,13.894,15.794,19.007,0.072,0.076,0.083,0.091,0.152,Aggregate [Index Scan using T_i1b_entity_type_code],T_i1b_entity_type_code,7,8,5000,5000,3446,0,None,None,None,0,False,"{""enable_seqscan"": ""off"", ""jit"": ""off"", ""max_parallel_workers_per_gather"": ""0""}",14.766
I-1,forced,2,Q09,json,15,58.041,63.12,85.327,96.362,105.086,0.053,0.071,0.073,0.077,0.142,Seq Scan on T,-,25,1528,25,1528,1250,0,None,None,None,0,False,"{""enable_seqscan"": ""off"", ""jit"": ""off"", ""max_parallel_workers_per_gather"": ""0""}",72.295
I-1,forced,2,Q09,jsonb,15,10.785,11.97,14.577,15.857,19.884,0.056,0.063,0.071,0.08,0.124,Seq Scan on T,-,25,1528,25,1528,981,0,None,None,None,0,False,"{""enable_seqscan"": ""off"", ""jit"": ""off"", ""max_parallel_workers_per_gather"": ""0""}",13.671
I-2,default,1,C1,jsonb,15,0.098,0.1,0.112,0.185,0.194,0.051,0.052,0.054,0.078,0.086,Bitmap Heap Scan on T [Bitmap Index Scan using T_i2_gin_jsonb_ops],T_i2_gin_jsonb_ops,50,12,50,12,24,0,12,0,0,1,False,"{""jit"": ""off"", ""max_parallel_workers_per_gather"": ""0""}",0.192
I-2,default,1,C1b,jsonb,15,0.261,0.262,0.273,0.407,0.457,0.059,0.06,0.062,0.071,0.082,Bitmap Heap Scan on T [Bitmap Index Scan using T_i2_gin_jsonb_ops],T_i2_gin_jsonb_ops,50,30,50,30,47,0,31,0,1,1,False,"{""jit"": ""off"", ""max_parallel_workers_per_gather"": ""0""}",0.273
I-2,default,1,C1c,jsonb,15,0.091,0.093,0.093,0.096,0.11,0.053,0.054,0.055,0.056,0.069,Bitmap Heap Scan on T [Bitmap Index Scan using T_i2_gin_jsonb_ops],T_i2_gin_jsonb_ops,50,3,50,3,15,0,3,0,0,1,False,"{""jit"": ""off"", ""max_parallel_workers_per_gather"": ""0""}",0.097
I-2,default,1,C1d,jsonb,15,0.784,0.793,0.803,0.837,1.302,0.056,0.056,0.057,0.059,0.087,Bitmap Heap Scan on T [Bitmap Index Scan using T_i2_gin_jsonb_ops],T_i2_gin_jsonb_ops,50,225,50,225,214,0,198,0,0,1,False,"{""jit"": ""off"", ""max_parallel_workers_per_gather"": ""0""}",1.318
I-2,default,1,C2,jsonb,15,11.577,11.959,12.28,12.614,13.163,0.061,0.066,0.07,0.077,0.087,Seq Scan on T,-,50,3,50,3,981,0,None,None,None,0,False,"{""jit"": ""off"", ""max_parallel_workers_per_gather"": ""0""}",11.737
I-2,default,1,C3,jsonb,15,0.203,0.209,0.215,0.216,0.26,0.045,0.047,0.048,0.049,0.084,Bitmap Heap Scan on T [Bitmap Index Scan using T_i2_gin_jsonb_ops],T_i2_gin_jsonb_ops,50,30,50,30,47,0,31,0,1,1,False,"{""jit"": ""off"", ""max_parallel_workers_per_gather"": ""0""}",0.217
I-2,default,1,C3b,jsonb,15,0.092,0.093,0.093,0.096,0.099,0.046,0.047,0.048,0.049,0.068,Bitmap Heap Scan on T [Bitmap Index Scan using T_i2_gin_jsonb_ops],T_i2_gin_jsonb_ops,50,12,50,12,27,0,12,0,0,1,False,"{""jit"": ""off"", ""max_parallel_workers_per_gather"": ""0""}",0.097
I-2,default,1,Q21,jsonb,15,12.612,13.503,15.619,16.109,20.341,0.053,0.066,0.072,0.116,0.172,Seq Scan on T,-,2500,30,2500,30,981,0,None,None,None,0,False,"{""jit"": ""off"", ""max_parallel_workers_per_gather"": ""0""}",16.659
I-2,forced,1,C1,jsonb,15,0.105,0.106,0.114,0.19,0.518,0.054,0.055,0.064,0.125,0.253,Bitmap Heap Scan on T [Bitmap Index Scan using T_i2_gin_jsonb_ops],T_i2_gin_jsonb_ops,50,12,50,12,24,0,12,0,0,1,False,"{""enable_seqscan"": ""off"", ""jit"": ""off"", ""max_parallel_workers_per_gather"": ""0""}",0.111
I-2,forced,1,C1b,jsonb,15,0.236,0.289,0.367,0.443,0.629,0.051,0.066,0.091,0.118,0.296,Bitmap Heap Scan on T [Bitmap Index Scan using T_i2_gin_jsonb_ops],T_i2_gin_jsonb_ops,50,30,50,30,47,0,31,0,1,1,False,"{""enable_seqscan"": ""off"", ""jit"": ""off"", ""max_parallel_workers_per_gather"": ""0""}",0.261
I-2,forced,1,C1c,jsonb,15,0.082,0.084,0.098,0.138,0.22,0.049,0.05,0.066,0.073,0.15,Bitmap Heap Scan on T [Bitmap Index Scan using T_i2_gin_jsonb_ops],T_i2_gin_jsonb_ops,50,3,50,3,15,0,3,0,0,1,False,"{""enable_seqscan"": ""off"", ""jit"": ""off"", ""max_parallel_workers_per_gather"": ""0""}",0.153
I-2,forced,1,C1d,jsonb,15,0.716,0.734,1.204,1.562,1.826,0.05,0.053,0.098,0.154,0.455,Bitmap Heap Scan on T [Bitmap Index Scan using T_i2_gin_jsonb_ops],T_i2_gin_jsonb_ops,50,225,50,225,214,0,198,0,0,1,False,"{""enable_seqscan"": ""off"", ""jit"": ""off"", ""max_parallel_workers_per_gather"": ""0""}",2.082
I-2,forced,1,C2,jsonb,15,12.789,14.018,14.334,15.02,17.451,0.078,0.085,0.085,0.088,0.095,Seq Scan on T,-,50,3,50,3,981,0,None,None,None,0,False,"{""enable_seqscan"": ""off"", ""jit"": ""off"", ""max_parallel_workers_per_gather"": ""0""}",16.035
I-2,forced,1,C3,jsonb,15,0.291,0.294,0.301,0.314,0.317,0.065,0.067,0.067,0.068,0.081,Bitmap Heap Scan on T [Bitmap Index Scan using T_i2_gin_jsonb_ops],T_i2_gin_jsonb_ops,50,30,50,30,47,0,31,0,1,1,False,"{""enable_seqscan"": ""off"", ""jit"": ""off"", ""max_parallel_workers_per_gather"": ""0""}",0.303
I-2,forced,1,C3b,jsonb,15,0.12,0.128,0.229,0.231,0.264,0.06,0.067,0.091,0.092,0.092,Bitmap Heap Scan on T [Bitmap Index Scan using T_i2_gin_jsonb_ops],T_i2_gin_jsonb_ops,50,12,50,12,27,0,12,0,0,1,False,"{""enable_seqscan"": ""off"", ""jit"": ""off"", ""max_parallel_workers_per_gather"": ""0""}",0.129
I-2,forced,1,Q21,jsonb,15,12.936,14.324,15.28,15.486,17.011,0.06,0.071,0.077,0.084,0.108,Seq Scan on T,-,2500,30,2500,30,981,0,None,None,None,0,False,"{""enable_seqscan"": ""off"", ""jit"": ""off"", ""max_parallel_workers_per_gather"": ""0""}",13.015
I-2,default,2,C1,jsonb,15,0.079,0.083,0.101,0.144,0.245,0.042,0.042,0.055,0.086,0.133,Bitmap Heap Scan on T [Bitmap Index Scan using T_i2_gin_jsonb_ops],T_i2_gin_jsonb_ops,50,12,50,12,24,0,12,0,0,1,False,"{""jit"": ""off"", ""max_parallel_workers_per_gather"": ""0""}",0.106
I-2,default,2,C1b,jsonb,15,0.192,0.194,0.2,0.208,0.38,0.043,0.043,0.046,0.047,0.081,Bitmap Heap Scan on T [Bitmap Index Scan using T_i2_gin_jsonb_ops],T_i2_gin_jsonb_ops,50,30,50,30,47,0,31,0,1,1,False,"{""jit"": ""off"", ""max_parallel_workers_per_gather"": ""0""}",0.194
I-2,default,2,C1c,jsonb,15,0.071,0.075,0.075,0.076,0.111,0.041,0.045,0.045,0.046,0.101,Bitmap Heap Scan on T [Bitmap Index Scan using T_i2_gin_jsonb_ops],T_i2_gin_jsonb_ops,50,3,50,3,15,0,3,0,0,1,False,"{""jit"": ""off"", ""max_parallel_workers_per_gather"": ""0""}",0.076
I-2,default,2,C1d,jsonb,15,0.629,0.684,0.759,0.912,1.51,0.044,0.047,0.052,0.091,0.152,Bitmap Heap Scan on T [Bitmap Index Scan using T_i2_gin_jsonb_ops],T_i2_gin_jsonb_ops,50,225,50,225,214,0,198,0,0,1,False,"{""jit"": ""off"", ""max_parallel_workers_per_gather"": ""0""}",1.065
I-2,default,2,C2,jsonb,15,11.006,11.748,12.812,13.848,14.678,0.049,0.066,0.074,0.081,0.113,Seq Scan on T,-,50,3,50,3,981,0,None,None,None,0,False,"{""jit"": ""off"", ""max_parallel_workers_per_gather"": ""0""}",10.584
I-2,default,2,C3,jsonb,15,0.193,0.193,0.194,0.194,0.214,0.043,0.043,0.043,0.043,0.044,Bitmap Heap Scan on T [Bitmap Index Scan using T_i2_gin_jsonb_ops],T_i2_gin_jsonb_ops,50,30,50,30,47,0,31,0,1,1,False,"{""jit"": ""off"", ""max_parallel_workers_per_gather"": ""0""}",0.196
I-2,default,2,C3b,jsonb,15,0.081,0.081,0.082,0.082,0.147,0.041,0.041,0.041,0.042,0.091,Bitmap Heap Scan on T [Bitmap Index Scan using T_i2_gin_jsonb_ops],T_i2_gin_jsonb_ops,50,12,50,12,27,0,12,0,0,1,False,"{""jit"": ""off"", ""max_parallel_workers_per_gather"": ""0""}",0.086
I-2,default,2,Q21,jsonb,15,11.396,11.631,11.973,12.368,13.921,0.041,0.044,0.048,0.055,0.061,Seq Scan on T,-,2500,30,2500,30,981,0,None,None,None,0,False,"{""jit"": ""off"", ""max_parallel_workers_per_gather"": ""0""}",11.903
I-2,forced,2,C1,jsonb,15,0.083,0.086,0.089,0.094,0.143,0.043,0.045,0.046,0.048,0.054,Bitmap Heap Scan on T [Bitmap Index Scan using T_i2_gin_jsonb_ops],T_i2_gin_jsonb_ops,50,12,50,12,24,0,12,0,0,1,False,"{""enable_seqscan"": ""off"", ""jit"": ""off"", ""max_parallel_workers_per_gather"": ""0""}",0.084
I-2,forced,2,C1b,jsonb,15,0.184,0.185,0.189,0.198,0.354,0.041,0.041,0.042,0.042,0.091,Bitmap Heap Scan on T [Bitmap Index Scan using T_i2_gin_jsonb_ops],T_i2_gin_jsonb_ops,50,30,50,30,47,0,31,0,1,1,False,"{""enable_seqscan"": ""off"", ""jit"": ""off"", ""max_parallel_workers_per_gather"": ""0""}",0.19
I-2,forced,2,C1c,jsonb,15,0.069,0.07,0.071,0.072,0.074,0.04,0.041,0.042,0.043,0.06,Bitmap Heap Scan on T [Bitmap Index Scan using T_i2_gin_jsonb_ops],T_i2_gin_jsonb_ops,50,3,50,3,15,0,3,0,0,1,False,"{""enable_seqscan"": ""off"", ""jit"": ""off"", ""max_parallel_workers_per_gather"": ""0""}",0.071
I-2,forced,2,C1d,jsonb,15,0.589,0.591,0.6,0.634,0.658,0.041,0.041,0.041,0.042,0.078,Bitmap Heap Scan on T [Bitmap Index Scan using T_i2_gin_jsonb_ops],T_i2_gin_jsonb_ops,50,225,50,225,214,0,198,0,0,1,False,"{""enable_seqscan"": ""off"", ""jit"": ""off"", ""max_parallel_workers_per_gather"": ""0""}",0.699
I-2,forced,2,C2,jsonb,15,9.88,10.409,10.905,12.041,14.885,0.045,0.047,0.05,0.079,0.129,Seq Scan on T,-,50,3,50,3,981,0,None,None,None,0,False,"{""enable_seqscan"": ""off"", ""jit"": ""off"", ""max_parallel_workers_per_gather"": ""0""}",13.488
I-2,forced,2,C3,jsonb,15,0.232,0.245,0.263,0.275,0.324,0.052,0.058,0.059,0.06,0.062,Bitmap Heap Scan on T [Bitmap Index Scan using T_i2_gin_jsonb_ops],T_i2_gin_jsonb_ops,50,30,50,30,47,0,31,0,1,1,False,"{""enable_seqscan"": ""off"", ""jit"": ""off"", ""max_parallel_workers_per_gather"": ""0""}",0.499
I-2,forced,2,C3b,jsonb,15,0.08,0.081,0.088,0.144,0.209,0.041,0.041,0.053,0.09,0.176,Bitmap Heap Scan on T [Bitmap Index Scan using T_i2_gin_jsonb_ops],T_i2_gin_jsonb_ops,50,12,50,12,27,0,12,0,0,1,False,"{""enable_seqscan"": ""off"", ""jit"": ""off"", ""max_parallel_workers_per_gather"": ""0""}",0.089
I-2,forced,2,Q21,jsonb,15,12.648,13.083,13.914,15.226,17.64,0.059,0.064,0.068,0.097,0.148,Seq Scan on T,-,2500,30,2500,30,981,0,None,None,None,0,False,"{""enable_seqscan"": ""off"", ""jit"": ""off"", ""max_parallel_workers_per_gather"": ""0""}",14.01
I-3,default,1,C1,jsonb,15,0.026,0.027,0.027,0.032,0.059,0.041,0.042,0.048,0.053,0.084,Bitmap Heap Scan on T [Bitmap Index Scan using T_i3_gin_jsonb_path_ops],T_i3_gin_jsonb_path_ops,50,12,50,12,16,0,12,0,0,1,False,"{""jit"": ""off"", ""max_parallel_workers_per_gather"": ""0""}",0.032
I-3,default,1,C1b,jsonb,15,0.121,0.122,0.125,0.176,0.181,0.049,0.05,0.051,0.068,0.077,Bitmap Heap Scan on T [Bitmap Index Scan using T_i3_gin_jsonb_path_ops],T_i3_gin_jsonb_path_ops,50,30,50,30,34,0,30,0,0,1,False,"{""jit"": ""off"", ""max_parallel_workers_per_gather"": ""0""}",0.126
I-3,default,1,C1c,jsonb,15,0.023,0.026,0.03,0.04,0.088,0.048,0.051,0.062,0.082,0.227,Bitmap Heap Scan on T [Bitmap Index Scan using T_i3_gin_jsonb_path_ops],T_i3_gin_jsonb_path_ops,50,3,50,3,7,0,3,0,0,1,False,"{""jit"": ""off"", ""max_parallel_workers_per_gather"": ""0""}",0.024
I-3,default,1,C1d,jsonb,15,0.517,0.518,0.528,0.717,1.108,0.043,0.043,0.044,0.049,0.156,Bitmap Heap Scan on T [Bitmap Index Scan using T_i3_gin_jsonb_path_ops],T_i3_gin_jsonb_path_ops,50,225,50,225,202,0,198,0,0,1,False,"{""jit"": ""off"", ""max_parallel_workers_per_gather"": ""0""}",0.636
I-3,default,1,C2,jsonb,15,11.038,11.333,11.566,11.986,12.593,0.06,0.062,0.063,0.076,0.101,Seq Scan on T,-,50,3,50,3,981,0,None,None,None,0,False,"{""jit"": ""off"", ""max_parallel_workers_per_gather"": ""0""}",11.166
I-3,default,1,C3,jsonb,15,0.102,0.103,0.104,0.11,0.112,0.041,0.041,0.042,0.044,0.079,Bitmap Heap Scan on T [Bitmap Index Scan using T_i3_gin_jsonb_path_ops],T_i3_gin_jsonb_path_ops,50,30,50,30,34,0,30,0,0,1,False,"{""jit"": ""off"", ""max_parallel_workers_per_gather"": ""0""}",0.105
I-3,default,1,C3b,jsonb,15,0.027,0.027,0.029,0.033,0.068,0.041,0.042,0.056,0.065,0.096,Bitmap Heap Scan on T [Bitmap Index Scan using T_i3_gin_jsonb_path_ops],T_i3_gin_jsonb_path_ops,50,12,50,12,16,0,12,0,0,1,False,"{""jit"": ""off"", ""max_parallel_workers_per_gather"": ""0""}",0.027
I-3,default,1,Q21,jsonb,15,13.366,13.464,14.253,14.607,15.123,0.059,0.065,0.067,0.072,0.147,Seq Scan on T,-,2500,30,2500,30,981,0,None,None,None,0,False,"{""jit"": ""off"", ""max_parallel_workers_per_gather"": ""0""}",13.365
I-3,forced,1,C1,jsonb,15,0.028,0.029,0.03,0.043,0.087,0.044,0.045,0.049,0.085,0.107,Bitmap Heap Scan on T [Bitmap Index Scan using T_i3_gin_jsonb_path_ops],T_i3_gin_jsonb_path_ops,50,12,50,12,16,0,12,0,0,1,False,"{""enable_seqscan"": ""off"", ""jit"": ""off"", ""max_parallel_workers_per_gather"": ""0""}",0.028
I-3,forced,1,C1b,jsonb,15,0.104,0.105,0.105,0.105,0.112,0.042,0.043,0.043,0.044,0.065,Bitmap Heap Scan on T [Bitmap Index Scan using T_i3_gin_jsonb_path_ops],T_i3_gin_jsonb_path_ops,50,30,50,30,34,0,30,0,0,1,False,"{""enable_seqscan"": ""off"", ""jit"": ""off"", ""max_parallel_workers_per_gather"": ""0""}",0.107
I-3,forced,1,C1c,jsonb,15,0.021,0.023,0.023,0.027,0.034,0.043,0.048,0.05,0.069,0.085,Bitmap Heap Scan on T [Bitmap Index Scan using T_i3_gin_jsonb_path_ops],T_i3_gin_jsonb_path_ops,50,3,50,3,7,0,3,0,0,1,False,"{""enable_seqscan"": ""off"", ""jit"": ""off"", ""max_parallel_workers_per_gather"": ""0""}",0.024
I-3,forced,1,C1d,jsonb,15,0.516,0.518,0.544,0.572,0.709,0.043,0.043,0.045,0.051,0.138,Bitmap Heap Scan on T [Bitmap Index Scan using T_i3_gin_jsonb_path_ops],T_i3_gin_jsonb_path_ops,50,225,50,225,202,0,198,0,0,1,False,"{""enable_seqscan"": ""off"", ""jit"": ""off"", ""max_parallel_workers_per_gather"": ""0""}",0.585
I-3,forced,1,C2,jsonb,15,10.642,11.365,11.514,11.976,14.006,0.059,0.062,0.066,0.073,0.134,Seq Scan on T,-,50,3,50,3,981,0,None,None,None,0,False,"{""enable_seqscan"": ""off"", ""jit"": ""off"", ""max_parallel_workers_per_gather"": ""0""}",15.041
I-3,forced,1,C3,jsonb,15,0.105,0.108,0.11,0.131,0.186,0.043,0.043,0.045,0.048,0.103,Bitmap Heap Scan on T [Bitmap Index Scan using T_i3_gin_jsonb_path_ops],T_i3_gin_jsonb_path_ops,50,30,50,30,34,0,30,0,0,1,False,"{""enable_seqscan"": ""off"", ""jit"": ""off"", ""max_parallel_workers_per_gather"": ""0""}",0.223
I-3,forced,1,C3b,jsonb,15,0.031,0.031,0.042,0.062,0.118,0.046,0.05,0.062,0.099,0.12,Bitmap Heap Scan on T [Bitmap Index Scan using T_i3_gin_jsonb_path_ops],T_i3_gin_jsonb_path_ops,50,12,50,12,16,0,12,0,0,1,False,"{""enable_seqscan"": ""off"", ""jit"": ""off"", ""max_parallel_workers_per_gather"": ""0""}",0.032
I-3,forced,1,Q21,jsonb,15,12.012,14.277,14.961,15.753,16.699,0.064,0.069,0.089,0.129,0.3,Seq Scan on T,-,2500,30,2500,30,981,0,None,None,None,0,False,"{""enable_seqscan"": ""off"", ""jit"": ""off"", ""max_parallel_workers_per_gather"": ""0""}",13.95
I-3,default,2,C1,jsonb,15,0.035,0.035,0.035,0.036,0.045,0.054,0.055,0.055,0.056,0.067,Bitmap Heap Scan on T [Bitmap Index Scan using T_i3_gin_jsonb_path_ops],T_i3_gin_jsonb_path_ops,50,12,50,12,16,0,12,0,0,1,False,"{""jit"": ""off"", ""max_parallel_workers_per_gather"": ""0""}",0.048
I-3,default,2,C1b,jsonb,15,0.122,0.123,0.135,0.154,0.204,0.05,0.05,0.061,0.068,0.109,Bitmap Heap Scan on T [Bitmap Index Scan using T_i3_gin_jsonb_path_ops],T_i3_gin_jsonb_path_ops,50,30,50,30,34,0,30,0,0,1,False,"{""jit"": ""off"", ""max_parallel_workers_per_gather"": ""0""}",0.134
I-3,default,2,C1c,jsonb,15,0.02,0.021,0.021,0.021,0.024,0.04,0.042,0.043,0.044,0.053,Bitmap Heap Scan on T [Bitmap Index Scan using T_i3_gin_jsonb_path_ops],T_i3_gin_jsonb_path_ops,50,3,50,3,7,0,3,0,0,1,False,"{""jit"": ""off"", ""max_parallel_workers_per_gather"": ""0""}",0.02
I-3,default,2,C1d,jsonb,15,0.516,0.517,0.522,0.665,1.229,0.042,0.043,0.043,0.049,0.142,Bitmap Heap Scan on T [Bitmap Index Scan using T_i3_gin_jsonb_path_ops],T_i3_gin_jsonb_path_ops,50,225,50,225,202,0,198,0,0,1,False,"{""jit"": ""off"", ""max_parallel_workers_per_gather"": ""0""}",0.725
I-3,default,2,C2,jsonb,15,9.708,10.16,10.444,10.823,12.64,0.041,0.044,0.047,0.051,0.071,Seq Scan on T,-,50,3,50,3,981,0,None,None,None,0,False,"{""jit"": ""off"", ""max_parallel_workers_per_gather"": ""0""}",9.911
I-3,default,2,C3,jsonb,15,0.1,0.102,0.103,0.108,0.276,0.04,0.041,0.041,0.041,0.054,Bitmap Heap Scan on T [Bitmap Index Scan using T_i3_gin_jsonb_path_ops],T_i3_gin_jsonb_path_ops,50,30,50,30,34,0,30,0,0,1,False,"{""jit"": ""off"", ""max_parallel_workers_per_gather"": ""0""}",0.107
I-3,default,2,C3b,jsonb,15,0.026,0.026,0.027,0.027,0.031,0.039,0.04,0.041,0.041,0.053,Bitmap Heap Scan on T [Bitmap Index Scan using T_i3_gin_jsonb_path_ops],T_i3_gin_jsonb_path_ops,50,12,50,12,16,0,12,0,0,1,False,"{""jit"": ""off"", ""max_parallel_workers_per_gather"": ""0""}",0.037
I-3,default,2,Q21,jsonb,15,11.496,11.923,12.553,13.703,14.666,0.044,0.047,0.054,0.066,0.095,Seq Scan on T,-,2500,30,2500,30,981,0,None,None,None,0,False,"{""jit"": ""off"", ""max_parallel_workers_per_gather"": ""0""}",13.086
I-3,forced,2,C1,jsonb,15,0.025,0.026,0.028,0.029,0.065,0.04,0.041,0.044,0.045,0.057,Bitmap Heap Scan on T [Bitmap Index Scan using T_i3_gin_jsonb_path_ops],T_i3_gin_jsonb_path_ops,50,12,50,12,16,0,12,0,0,1,False,"{""enable_seqscan"": ""off"", ""jit"": ""off"", ""max_parallel_workers_per_gather"": ""0""}",0.026
I-3,forced,2,C1b,jsonb,15,0.104,0.105,0.106,0.108,0.14,0.042,0.043,0.043,0.044,0.047,Bitmap Heap Scan on T [Bitmap Index Scan using T_i3_gin_jsonb_path_ops],T_i3_gin_jsonb_path_ops,50,30,50,30,34,0,30,0,0,1,False,"{""enable_seqscan"": ""off"", ""jit"": ""off"", ""max_parallel_workers_per_gather"": ""0""}",0.107
I-3,forced,2,C1c,jsonb,15,0.02,0.02,0.02,0.022,0.036,0.042,0.042,0.042,0.043,0.079,Bitmap Heap Scan on T [Bitmap Index Scan using T_i3_gin_jsonb_path_ops],T_i3_gin_jsonb_path_ops,50,3,50,3,7,0,3,0,0,1,False,"{""enable_seqscan"": ""off"", ""jit"": ""off"", ""max_parallel_workers_per_gather"": ""0""}",0.023
I-3,forced,2,C1d,jsonb,15,0.516,0.519,0.525,0.559,0.628,0.042,0.043,0.043,0.043,0.079,Bitmap Heap Scan on T [Bitmap Index Scan using T_i3_gin_jsonb_path_ops],T_i3_gin_jsonb_path_ops,50,225,50,225,202,0,198,0,0,1,False,"{""enable_seqscan"": ""off"", ""jit"": ""off"", ""max_parallel_workers_per_gather"": ""0""}",0.534
I-3,forced,2,C2,jsonb,15,10.809,12.611,13.263,13.751,14.06,0.048,0.067,0.086,0.104,0.15,Seq Scan on T,-,50,3,50,3,981,0,None,None,None,0,False,"{""enable_seqscan"": ""off"", ""jit"": ""off"", ""max_parallel_workers_per_gather"": ""0""}",11.962
I-3,forced,2,C3,jsonb,15,0.127,0.127,0.133,0.14,0.176,0.051,0.052,0.054,0.059,0.083,Bitmap Heap Scan on T [Bitmap Index Scan using T_i3_gin_jsonb_path_ops],T_i3_gin_jsonb_path_ops,50,30,50,30,34,0,30,0,0,1,False,"{""enable_seqscan"": ""off"", ""jit"": ""off"", ""max_parallel_workers_per_gather"": ""0""}",0.154
I-3,forced,2,C3b,jsonb,15,0.028,0.028,0.031,0.032,0.089,0.042,0.043,0.046,0.047,0.089,Bitmap Heap Scan on T [Bitmap Index Scan using T_i3_gin_jsonb_path_ops],T_i3_gin_jsonb_path_ops,50,12,50,12,16,0,12,0,0,1,False,"{""enable_seqscan"": ""off"", ""jit"": ""off"", ""max_parallel_workers_per_gather"": ""0""}",0.033
I-3,forced,2,Q21,jsonb,15,11.85,12.605,13.285,13.56,15.42,0.053,0.062,0.066,0.07,0.09,Seq Scan on T,-,2500,30,2500,30,981,0,None,None,None,0,False,"{""enable_seqscan"": ""off"", ""jit"": ""off"", ""max_parallel_workers_per_gather"": ""0""}",11.627
