device_id,location,timestamp,arrival_time,reading_value,event_type
DEV004,Nagpur,2026-08-01 00:00:00,2026-08-01 00:00:00,30.01,NORMAL
DEV001,Pune,2026-08-01 00:01:00,2026-08-01 00:01:00,30.55,NORMAL
DEV001,Pune,2026-08-01 00:02:00,2026-08-01 00:02:00,28.25,NORMAL
DEV002,Mumbai,2026-08-01 00:03:00,2026-08-01 00:03:00,30.81,NORMAL
DEV001,Pune,2026-08-01 00:04:00,2026-08-01 00:04:00,30.86,NORMAL
DEV004,Nagpur,2026-08-01 00:05:00,2026-08-01 00:05:00,36.03,NORMAL
DEV001,Pune,2026-08-01 00:06:00,2026-08-01 00:06:00,23.82,NORMAL
DEV004,Nagpur,2026-08-01 00:07:00,2026-08-01 00:07:00,27.51,NORMAL
DEV005,Chhatrapati Sambhajinagar,2026-08-01 00:08:00,2026-08-01 00:08:00,33.98,NORMAL
DEV001,Pune,2026-08-01 00:09:00,2026-08-01 00:09:00,35.66,NORMAL
DEV005,Chhatrapati Sambhajinagar,2026-08-01 00:10:00,2026-08-01 00:10:00,37.46,NORMAL
DEV002,Mumbai,2026-08-01 00:11:00,2026-08-01 00:11:00,23.41,NORMAL
DEV001,Pune,2026-08-01 00:12:00,2026-08-01 00:12:00,28.45,NORMAL
DEV001,Pune,2026-08-01 00:13:00,2026-08-01 00:13:00,30.6,NORMAL
DEV004,Nagpur,2026-08-01 00:14:00,2026-08-01 00:14:00,26.98,NORMAL
DEV004,Nagpur,2026-08-01 00:15:00,2026-08-01 00:15:00,25.8,NORMAL
DEV005,Chhatrapati Sambhajinagar,2026-08-01 00:16:00,2026-08-01 00:16:00,25.85,NORMAL
DEV003,Nashik,2026-08-01 00:17:00,2026-08-01 00:17:00,28.0,NORMAL
DEV004,Nagpur,2026-08-01 00:18:00,2026-08-01 00:18:00,23.65,NORMAL
DEV005,Chhatrapati Sambhajinagar,2026-08-01 00:19:00,2026-08-01 00:21:00,29.36,LATE
DEV003,Nashik,2026-08-01 00:20:00,2026-08-01 00:20:00,23.54,NORMAL
DEV003,Nashik,2026-08-01 00:21:00,2026-08-01 00:21:00,32.32,NORMAL
DEV004,Nagpur,2026-08-01 00:22:00,2026-08-01 00:22:00,33.76,NORMAL
DEV001,Pune,2026-08-01 00:23:00,2026-08-01 00:23:00,33.45,NORMAL
DEV005,Chhatrapati Sambhajinagar,2026-08-01 00:24:00,2026-08-01 00:24:00,35.67,NORMAL
DEV002,Mumbai,2026-08-01 00:25:00,2026-08-01 00:25:00,26.52,NORMAL
DEV003,Nashik,2026-08-01 00:26:00,2026-08-01 00:26:00,30.06,NORMAL
DEV004,Nagpur,2026-08-01 00:27:00,2026-08-01 00:27:00,30.51,NORMAL
DEV001,Pune,2026-08-01 00:28:00,2026-08-01 00:28:00,29.47,NORMAL
DEV002,Mumbai,2026-08-01 00:29:00,2026-08-01 00:29:00,25.71,NORMAL
DEV005,Chhatrapati Sambhajinagar,2026-08-01 00:30:00,2026-08-01 00:30:00,24.24,NORMAL
DEV005,Chhatrapati Sambhajinagar,2026-08-01 00:31:00,2026-08-01 00:31:00,36.18,NORMAL
DEV001,Pune,2026-08-01 00:32:00,2026-08-01 00:32:00,35.03,NORMAL
DEV003,Nashik,2026-08-01 00:13:00,2026-08-01 00:33:00,31.03,BACKDATED
DEV002,Mumbai,2026-08-01 00:34:00,2026-08-01 00:34:00,35.64,NORMAL
DEV004,Nagpur,2026-08-01 00:35:00,2026-08-01 00:35:00,23.34,NORMAL
DEV001,Pune,2026-08-01 00:36:00,2026-08-01 00:36:00,24.79,NORMAL
DEV005,Chhatrapati Sambhajinagar,2026-08-01 00:37:00,2026-08-01 00:37:00,25.98,NORMAL
DEV002,Mumbai,2026-08-01 00:38:00,2026-08-01 00:38:00,25.18,NORMAL
DEV001,Pune,2026-08-01 00:39:00,2026-08-01 00:39:00,28.49,NORMAL
DEV005,Chhatrapati Sambhajinagar,2026-08-01 00:40:00,2026-08-01 00:40:00,26.84,NORMAL
DEV002,Mumbai,2026-08-01 00:41:00,2026-08-01 00:41:00,26.81,NORMAL
DEV001,Pune,2026-08-01 00:42:00,2026-08-01 00:42:00,37.02,NORMAL
DEV004,Nagpur,2026-08-01 00:43:00,2026-08-01 00:43:00,25.96,NORMAL
DEV003,Nashik,2026-08-01 00:44:00,2026-08-01 00:44:00,32.06,NORMAL
DEV005,Chhatrapati Sambhajinagar,2026-08-01 00:45:00,2026-08-01 00:45:00,31.33,NORMAL
DEV005,Chhatrapati Sambhajinagar,2026-08-01 00:46:00,2026-08-01 00:46:00,25.43,NORMAL
DEV005,Chhatrapati Sambhajinagar,2026-08-01 00:47:00,2026-08-01 00:47:00,30.44,NORMAL
DEV005,Chhatrapati Sambhajinagar,2026-08-01 00:48:00,2026-08-01 00:48:00,35.72,NORMAL
DEV002,Mumbai,2026-08-01 00:49:00,2026-08-01 00:49:00,36.76,NORMAL
DEV005,Chhatrapati Sambhajinagar,2026-08-01 00:50:00,2026-08-01 01:00:00,37.38,LATE
DEV004,Nagpur,2026-08-01 00:51:00,2026-08-01 00:51:00,28.21,NORMAL
DEV005,Chhatrapati Sambhajinagar,2026-08-01 00:52:00,2026-08-01 01:01:00,32.29,LATE
DEV005,Chhatrapati Sambhajinagar,2026-08-01 00:53:00,2026-08-01 00:53:00,32.59,NORMAL
DEV004,Nagpur,2026-08-01 00:54:00,2026-08-01 00:54:00,35.54,NORMAL
DEV003,Nashik,2026-08-01 00:55:00,2026-08-01 00:55:00,24.5,NORMAL
DEV003,Nashik,2026-08-01 00:56:00,2026-08-01 00:56:00,35.62,NORMAL
DEV002,Mumbai,2026-08-01 00:57:00,2026-08-01 00:57:00,22.45,NORMAL
DEV001,Pune,2026-08-01 00:58:00,2026-08-01 00:58:00,25.18,NORMAL
DEV005,Chhatrapati Sambhajinagar,2026-08-01 00:59:00,2026-08-01 00:59:00,25.58,NORMAL
DEV003,Nashik,2026-08-01 01:00:00,2026-08-01 01:00:00,30.84,NORMAL
DEV004,Nagpur,2026-08-01 00:31:00,2026-08-01 01:01:00,22.15,BACKDATED
DEV002,Mumbai,2026-08-01 01:02:00,2026-08-01 01:02:00,31.86,NORMAL
DEV005,Chhatrapati Sambhajinagar,2026-08-01 01:03:00,2026-08-01 01:03:00,28.43,NORMAL
DEV003,Nashik,2026-08-01 01:04:00,2026-08-01 01:04:00,37.79,NORMAL
DEV003,Nashik,2026-08-01 01:05:00,2026-08-01 01:05:00,23.68,NORMAL
DEV005,Chhatrapati Sambhajinagar,2026-08-01 01:06:00,2026-08-01 01:06:00,30.65,NORMAL
DEV004,Nagpur,2026-08-01 01:07:00,2026-08-01 01:07:00,29.43,NORMAL
DEV002,Mumbai,2026-08-01 01:08:00,2026-08-01 01:08:00,25.19,NORMAL
DEV001,Pune,2026-08-01 01:09:00,2026-08-01 01:09:00,34.29,NORMAL
DEV003,Nashik,2026-08-01 01:10:00,2026-08-01 01:10:00,32.42,NORMAL
DEV004,Nagpur,2026-08-01 01:11:00,2026-08-01 01:11:00,22.44,NORMAL
DEV003,Nashik,2026-08-01 01:12:00,2026-08-01 01:12:00,28.38,NORMAL
DEV003,Nashik,2026-08-01 01:13:00,2026-08-01 01:13:00,34.26,NORMAL
DEV002,Mumbai,2026-08-01 01:14:00,2026-08-01 01:14:00,37.04,NORMAL
DEV005,Chhatrapati Sambhajinagar,2026-08-01 01:15:00,2026-08-01 01:15:00,27.28,NORMAL
DEV005,Chhatrapati Sambhajinagar,2026-08-01 01:16:00,2026-08-01 01:16:00,27.82,NORMAL
DEV004,Nagpur,2026-08-01 01:17:00,2026-08-01 01:17:00,27.27,NORMAL
DEV005,Chhatrapati Sambhajinagar,2026-08-01 01:18:00,2026-08-01 01:20:00,25.62,LATE
DEV002,Mumbai,2026-08-01 01:19:00,2026-08-01 01:19:00,24.14,NORMAL
DEV004,Nagpur,2026-08-01 01:20:00,2026-08-01 01:20:00,30.44,NORMAL
DEV004,Nagpur,2026-08-01 01:21:00,2026-08-01 01:21:00,27.25,NORMAL
DEV005,Chhatrapati Sambhajinagar,2026-08-01 01:22:00,2026-08-01 01:22:00,35.91,NORMAL
DEV004,Nagpur,2026-08-01 01:23:00,2026-08-01 01:23:00,30.27,NORMAL
DEV004,Nagpur,2026-08-01 01:24:00,2026-08-01 01:24:00,33.74,NORMAL
DEV002,Mumbai,2026-08-01 01:25:00,2026-08-01 01:25:00,24.56,NORMAL
DEV003,Nashik,2026-08-01 01:26:00,2026-08-01 01:26:00,22.76,NORMAL
DEV001,Pune,2026-08-01 01:27:00,2026-08-01 01:27:00,28.98,NORMAL
DEV004,Nagpur,2026-08-01 01:28:00,2026-08-01 01:28:00,22.74,NORMAL
DEV001,Pune,2026-08-01 01:29:00,2026-08-01 01:29:00,37.47,NORMAL
DEV004,Nagpur,2026-08-01 01:10:00,2026-08-01 01:30:00,28.5,BACKDATED
DEV002,Mumbai,2026-08-01 01:31:00,2026-08-01 01:31:00,23.89,NORMAL
DEV005,Chhatrapati Sambhajinagar,2026-08-01 01:32:00,2026-08-01 01:32:00,34.06,NORMAL
DEV002,Mumbai,2026-08-01 01:33:00,2026-08-01 01:33:00,36.57,NORMAL
DEV001,Pune,2026-08-01 01:34:00,2026-08-01 01:34:00,29.24,NORMAL
DEV001,Pune,2026-08-01 01:35:00,2026-08-01 01:35:00,28.05,NORMAL
DEV005,Chhatrapati Sambhajinagar,2026-08-01 01:36:00,2026-08-01 01:36:00,25.4,NORMAL
DEV001,Pune,2026-08-01 01:08:00,2026-08-01 01:37:00,29.0,BACKDATED
DEV003,Nashik,2026-08-01 01:38:00,2026-08-01 01:38:00,25.37,NORMAL
DEV001,Pune,2026-08-01 01:39:00,2026-08-01 01:39:00,33.38,NORMAL
DEV002,Mumbai,2026-08-01 01:40:00,2026-08-01 01:40:00,27.14,NORMAL
DEV002,Mumbai,2026-08-01 01:41:00,2026-08-01 01:41:00,26.88,NORMAL
DEV004,Nagpur,2026-08-01 01:42:00,2026-08-01 01:42:00,36.41,NORMAL
DEV003,Nashik,2026-08-01 01:43:00,2026-08-01 01:43:00,36.0,NORMAL
DEV003,Nashik,2026-08-01 01:44:00,2026-08-01 01:44:00,31.82,NORMAL
DEV001,Pune,2026-08-01 01:45:00,2026-08-01 01:45:00,29.41,NORMAL
DEV002,Mumbai,2026-08-01 01:46:00,2026-08-01 01:46:00,36.22,NORMAL
DEV002,Mumbai,2026-08-01 01:47:00,2026-08-01 01:47:00,32.85,NORMAL
DEV003,Nashik,2026-08-01 01:48:00,2026-08-01 01:48:00,32.96,NORMAL
DEV003,Nashik,2026-08-01 01:49:00,2026-08-01 01:49:00,31.86,NORMAL
DEV005,Chhatrapati Sambhajinagar,2026-08-01 01:50:00,2026-08-01 01:53:00,36.66,LATE
DEV002,Mumbai,2026-08-01 01:51:00,2026-08-01 01:51:00,30.18,NORMAL
DEV003,Nashik,2026-08-01 01:52:00,2026-08-01 01:52:00,34.63,NORMAL
DEV004,Nagpur,2026-08-01 01:53:00,2026-08-01 01:53:00,31.8,NORMAL
DEV002,Mumbai,2026-08-01 01:54:00,2026-08-01 01:54:00,22.98,NORMAL
DEV001,Pune,2026-08-01 01:55:00,2026-08-01 01:55:00,30.48,NORMAL
DEV003,Nashik,2026-08-01 01:56:00,2026-08-01 01:56:00,32.38,NORMAL
DEV002,Mumbai,2026-08-01 01:57:00,2026-08-01 01:57:00,36.25,NORMAL
DEV001,Pune,2026-08-01 01:58:00,2026-08-01 01:58:00,24.85,NORMAL
DEV005,Chhatrapati Sambhajinagar,2026-08-01 01:59:00,2026-08-01 01:59:00,25.16,NORMAL
DEV001,Pune,2026-08-01 01:41:00,2026-08-01 02:00:00,35.84,BACKDATED
DEV001,Pune,2026-08-01 02:01:00,2026-08-01 02:01:00,36.33,NORMAL
DEV005,Chhatrapati Sambhajinagar,2026-08-01 02:02:00,2026-08-01 02:02:00,28.89,NORMAL
DEV001,Pune,2026-08-01 02:03:00,2026-08-01 02:03:00,23.66,NORMAL
DEV001,Pune,2026-08-01 02:04:00,2026-08-01 02:04:00,31.64,NORMAL
DEV001,Pune,2026-08-01 02:05:00,2026-08-01 02:05:00,29.37,NORMAL
DEV003,Nashik,2026-08-01 02:06:00,2026-08-01 02:06:00,31.5,NORMAL
DEV002,Mumbai,2026-08-01 02:07:00,2026-08-01 02:07:00,24.66,NORMAL
DEV003,Nashik,2026-08-01 02:08:00,2026-08-01 02:08:00,30.62,NORMAL
DEV004,Nagpur,2026-08-01 02:09:00,2026-08-01 02:09:00,37.52,NORMAL
DEV001,Pune,2026-08-01 02:10:00,2026-08-01 02:10:00,34.88,NORMAL
DEV005,Chhatrapati Sambhajinagar,2026-08-01 02:11:00,2026-08-01 02:11:00,31.73,NORMAL
DEV005,Chhatrapati Sambhajinagar,2026-08-01 02:12:00,2026-08-01 02:12:00,35.56,NORMAL
DEV005,Chhatrapati Sambhajinagar,2026-08-01 02:13:00,2026-08-01 02:13:00,79.79,SENSOR_ANOMALY
DEV002,Mumbai,2026-08-01 02:14:00,2026-08-01 02:14:00,28.61,NORMAL
DEV002,Mumbai,2026-08-01 02:15:00,2026-08-01 02:15:00,30.48,NORMAL
DEV002,Mumbai,2026-08-01 02:16:00,2026-08-01 02:16:00,27.39,NORMAL
DEV002,Mumbai,2026-08-01 02:17:00,2026-08-01 02:25:00,34.29,LATE
DEV005,Chhatrapati Sambhajinagar,2026-08-01 02:18:00,2026-08-01 02:18:00,37.65,NORMAL
DEV005,Chhatrapati Sambhajinagar,2026-08-01 02:19:00,2026-08-01 02:19:00,35.19,NORMAL
DEV002,Mumbai,2026-08-01 02:20:00,2026-08-01 02:20:00,35.38,NORMAL
DEV002,Mumbai,2026-08-01 02:21:00,2026-08-01 02:21:00,26.39,NORMAL
DEV001,Pune,2026-08-01 02:22:00,2026-08-01 02:30:00,28.19,LATE
DEV003,Nashik,2026-08-01 02:23:00,2026-08-01 02:23:00,28.68,NORMAL
DEV003,Nashik,2026-08-01 02:24:00,2026-08-01 02:24:00,30.27,NORMAL
DEV005,Chhatrapati Sambhajinagar,2026-08-01 02:25:00,2026-08-01 02:28:00,27.03,LATE
DEV002,Mumbai,2026-08-01 02:26:00,2026-08-01 02:26:00,27.52,NORMAL
DEV002,Mumbai,2026-08-01 02:27:00,2026-08-01 02:27:00,25.84,NORMAL
DEV003,Nashik,2026-08-01 02:28:00,2026-08-01 02:28:00,23.02,NORMAL
DEV004,Nagpur,2026-08-01 02:29:00,2026-08-01 02:29:00,23.32,NORMAL
DEV005,Chhatrapati Sambhajinagar,2026-08-01 02:30:00,2026-08-01 02:30:00,32.7,NORMAL
DEV004,Nagpur,2026-08-01 02:31:00,2026-08-01 02:31:00,34.08,NORMAL
DEV004,Nagpur,2026-08-01 02:32:00,2026-08-01 02:34:00,24.56,LATE
DEV005,Chhatrapati Sambhajinagar,2026-08-01 02:33:00,2026-08-01 02:40:00,25.56,LATE
DEV001,Pune,2026-08-01 02:34:00,2026-08-01 02:34:00,24.07,NORMAL
DEV004,Nagpur,2026-08-01 02:35:00,2026-08-01 02:35:00,25.86,NORMAL
DEV004,Nagpur,2026-08-01 02:36:00,2026-08-01 02:36:00,27.49,NORMAL
DEV001,Pune,2026-08-01 02:37:00,2026-08-01 02:37:00,32.51,NORMAL
DEV005,Chhatrapati Sambhajinagar,2026-08-01 02:38:00,2026-08-01 02:38:00,34.69,NORMAL
DEV003,Nashik,2026-08-01 02:39:00,2026-08-01 02:47:00,23.57,LATE
DEV002,Mumbai,2026-08-01 02:40:00,2026-08-01 02:40:00,25.03,NORMAL
DEV002,Mumbai,2026-08-01 02:41:00,2026-08-01 02:41:00,28.55,NORMAL
DEV005,Chhatrapati Sambhajinagar,2026-08-01 02:42:00,2026-08-01 02:42:00,31.52,NORMAL
DEV003,Nashik,2026-08-01 02:43:00,2026-08-01 02:43:00,24.85,NORMAL
DEV004,Nagpur,2026-08-01 02:44:00,2026-08-01 02:44:00,32.67,NORMAL
DEV004,Nagpur,2026-08-01 02:45:00,2026-08-01 02:48:00,32.04,LATE
DEV005,Chhatrapati Sambhajinagar,2026-08-01 02:46:00,2026-08-01 02:46:00,26.8,NORMAL
DEV004,Nagpur,2026-08-01 02:47:00,2026-08-01 02:47:00,28.3,NORMAL
DEV002,Mumbai,2026-08-01 02:48:00,2026-08-01 02:48:00,33.54,NORMAL
DEV001,Pune,2026-08-01 02:49:00,2026-08-01 02:49:00,29.95,NORMAL
DEV001,Pune,2026-08-01 02:50:00,2026-08-01 02:50:00,27.65,NORMAL
DEV001,Pune,2026-08-01 02:51:00,2026-08-01 02:51:00,28.91,NORMAL
DEV004,Nagpur,2026-08-01 02:52:00,2026-08-01 02:52:00,33.68,NORMAL
DEV005,Chhatrapati Sambhajinagar,2026-08-01 02:53:00,2026-08-01 02:53:00,29.68,NORMAL
DEV003,Nashik,2026-08-01 02:54:00,2026-08-01 02:54:00,28.56,NORMAL
DEV001,Pune,2026-08-01 02:55:00,2026-08-01 02:55:00,25.73,NORMAL
DEV004,Nagpur,2026-08-01 02:56:00,2026-08-01 02:56:00,26.49,NORMAL
DEV004,Nagpur,2026-08-01 02:57:00,2026-08-01 03:02:00,35.57,LATE
DEV005,Chhatrapati Sambhajinagar,2026-08-01 02:58:00,2026-08-01 02:58:00,23.57,NORMAL
DEV004,Nagpur,2026-08-01 02:59:00,2026-08-01 02:59:00,32.15,NORMAL
DEV001,Pune,2026-08-01 03:00:00,2026-08-01 03:00:00,29.13,NORMAL
DEV001,Pune,2026-08-01 03:01:00,2026-08-01 03:01:00,30.58,NORMAL
DEV004,Nagpur,2026-08-01 03:02:00,2026-08-01 03:02:00,27.37,NORMAL
DEV004,Nagpur,2026-08-01 03:03:00,2026-08-01 03:03:00,26.4,NORMAL
DEV005,Chhatrapati Sambhajinagar,2026-08-01 03:04:00,2026-08-01 03:04:00,24.11,NORMAL
DEV003,Nashik,2026-08-01 03:05:00,2026-08-01 03:05:00,36.74,NORMAL
DEV003,Nashik,2026-08-01 03:06:00,2026-08-01 03:06:00,31.61,NORMAL
DEV004,Nagpur,2026-08-01 03:07:00,2026-08-01 03:07:00,28.4,NORMAL
DEV004,Nagpur,2026-08-01 03:08:00,2026-08-01 03:08:00,32.82,NORMAL
DEV001,Pune,2026-08-01 03:09:00,2026-08-01 03:09:00,24.25,NORMAL
DEV005,Chhatrapati Sambhajinagar,2026-08-01 03:10:00,2026-08-01 03:10:00,26.71,NORMAL
DEV003,Nashik,2026-08-01 03:11:00,2026-08-01 03:11:00,26.01,NORMAL
DEV001,Pune,2026-08-01 03:12:00,2026-08-01 03:12:00,30.16,NORMAL
DEV003,Nashik,2026-08-01 03:13:00,2026-08-01 03:13:00,24.39,NORMAL
DEV003,Nashik,2026-08-01 03:14:00,2026-08-01 03:14:00,35.99,NORMAL
DEV002,Mumbai,2026-08-01 03:15:00,2026-08-01 03:15:00,34.41,NORMAL
DEV004,Nagpur,2026-08-01 03:16:00,2026-08-01 03:16:00,30.94,NORMAL
DEV004,Nagpur,2026-08-01 03:17:00,2026-08-01 03:17:00,30.19,NORMAL
DEV004,Nagpur,2026-08-01 03:18:00,2026-08-01 03:18:00,29.11,NORMAL
DEV005,Chhatrapati Sambhajinagar,2026-08-01 03:19:00,2026-08-01 03:19:00,22.25,NORMAL
DEV003,Nashik,2026-08-01 03:20:00,2026-08-01 03:20:00,35.36,NORMAL
DEV004,Nagpur,2026-08-01 03:21:00,2026-08-01 03:21:00,33.14,NORMAL
DEV002,Mumbai,2026-08-01 03:22:00,2026-08-01 03:22:00,31.4,NORMAL
DEV002,Mumbai,2026-08-01 03:23:00,2026-08-01 03:23:00,32.21,NORMAL
DEV001,Pune,2026-08-01 03:24:00,2026-08-01 03:24:00,25.06,NORMAL
DEV001,Pune,2026-08-01 03:25:00,2026-08-01 03:25:00,35.04,NORMAL
DEV003,Nashik,2026-08-01 03:26:00,2026-08-01 03:26:00,25.79,NORMAL
DEV003,Nashik,2026-08-01 03:27:00,2026-08-01 03:27:00,27.36,NORMAL
DEV002,Mumbai,2026-08-01 03:28:00,2026-08-01 03:28:00,33.1,NORMAL
DEV003,Nashik,2026-08-01 03:29:00,2026-08-01 03:29:00,32.31,NORMAL
DEV005,Chhatrapati Sambhajinagar,2026-08-01 03:23:00,2026-08-01 03:30:00,35.13,BACKDATED
DEV005,Chhatrapati Sambhajinagar,2026-08-01 03:31:00,2026-08-01 03:31:00,28.36,NORMAL
DEV003,Nashik,2026-08-01 03:32:00,2026-08-01 03:32:00,27.49,NORMAL
DEV002,Mumbai,2026-08-01 03:33:00,2026-08-01 03:33:00,36.44,NORMAL
DEV001,Pune,2026-08-01 03:34:00,2026-08-01 03:34:00,34.31,NORMAL
DEV002,Mumbai,2026-08-01 03:35:00,2026-08-01 03:35:00,22.95,NORMAL
DEV004,Nagpur,2026-08-01 03:36:00,2026-08-01 03:36:00,34.6,NORMAL
DEV004,Nagpur,2026-08-01 03:37:00,2026-08-01 03:37:00,30.77,NORMAL
DEV004,Nagpur,2026-08-01 03:38:00,2026-08-01 03:38:00,34.17,NORMAL
DEV002,Mumbai,2026-08-01 03:39:00,2026-08-01 03:39:00,34.14,NORMAL
DEV004,Nagpur,2026-08-01 03:40:00,2026-08-01 03:40:00,31.18,NORMAL
DEV001,Pune,2026-08-01 03:41:00,2026-08-01 03:41:00,37.85,NORMAL
DEV003,Nashik,2026-08-01 03:42:00,2026-08-01 03:42:00,34.57,NORMAL
DEV005,Chhatrapati Sambhajinagar,2026-08-01 03:43:00,2026-08-01 03:43:00,26.38,NORMAL
DEV003,Nashik,2026-08-01 03:44:00,2026-08-01 03:44:00,32.17,NORMAL
DEV002,Mumbai,2026-08-01 03:45:00,2026-08-01 03:45:00,26.75,NORMAL
DEV003,Nashik,2026-08-01 03:46:00,2026-08-01 03:46:00,23.9,NORMAL
DEV004,Nagpur,2026-08-01 03:47:00,2026-08-01 03:47:00,25.03,NORMAL
DEV002,Mumbai,2026-08-01 03:48:00,2026-08-01 03:48:00,27.8,NORMAL
DEV001,Pune,2026-08-01 03:49:00,2026-08-01 03:49:00,33.42,NORMAL
DEV004,Nagpur,2026-08-01 03:50:00,2026-08-01 03:50:00,26.6,NORMAL
DEV001,Pune,2026-08-01 03:51:00,2026-08-01 03:51:00,37.41,NORMAL
DEV001,Pune,2026-08-01 03:52:00,2026-08-01 03:52:00,29.25,NORMAL
DEV001,Pune,2026-08-01 03:53:00,2026-08-01 03:56:00,35.89,LATE
DEV005,Chhatrapati Sambhajinagar,2026-08-01 03:54:00,2026-08-01 03:54:00,29.41,NORMAL
DEV005,Chhatrapati Sambhajinagar,2026-08-01 03:55:00,2026-08-01 04:03:00,35.88,LATE
DEV005,Chhatrapati Sambhajinagar,2026-08-01 03:56:00,2026-08-01 03:56:00,33.73,NORMAL
DEV004,Nagpur,2026-08-01 03:57:00,2026-08-01 03:57:00,26.69,NORMAL
DEV002,Mumbai,2026-08-01 03:58:00,2026-08-01 03:58:00,32.08,NORMAL
DEV002,Mumbai,2026-08-01 03:59:00,2026-08-01 03:59:00,25.39,NORMAL
DEV005,Chhatrapati Sambhajinagar,2026-08-01 04:00:00,2026-08-01 04:00:00,28.12,NORMAL
DEV004,Nagpur,2026-08-01 04:01:00,2026-08-01 04:01:00,23.18,NORMAL
DEV003,Nashik,2026-08-01 04:02:00,2026-08-01 04:04:00,37.43,LATE
DEV005,Chhatrapati Sambhajinagar,2026-08-01 04:03:00,2026-08-01 04:03:00,32.66,NORMAL
DEV002,Mumbai,2026-08-01 04:04:00,2026-08-01 04:04:00,36.43,NORMAL
DEV003,Nashik,2026-08-01 04:05:00,2026-08-01 04:05:00,33.17,NORMAL
DEV004,Nagpur,2026-08-01 04:06:00,2026-08-01 04:06:00,33.87,NORMAL
DEV005,Chhatrapati Sambhajinagar,2026-08-01 04:07:00,2026-08-01 04:07:00,22.47,NORMAL
DEV001,Pune,2026-08-01 04:08:00,2026-08-01 04:08:00,29.37,NORMAL
DEV005,Chhatrapati Sambhajinagar,2026-08-01 04:09:00,2026-08-01 04:09:00,22.93,NORMAL
DEV002,Mumbai,2026-08-01 04:10:00,2026-08-01 04:17:00,34.8,LATE
DEV001,Pune,2026-08-01 04:11:00,2026-08-01 04:11:00,37.69,NORMAL
DEV002,Mumbai,2026-08-01 04:12:00,2026-08-01 04:12:00,24.02,NORMAL
DEV001,Pune,2026-08-01 04:13:00,2026-08-01 04:13:00,34.33,NORMAL
DEV001,Pune,2026-08-01 04:14:00,2026-08-01 04:14:00,24.24,NORMAL
DEV003,Nashik,2026-08-01 04:15:00,2026-08-01 04:15:00,24.23,NORMAL
DEV003,Nashik,2026-08-01 04:16:00,2026-08-01 04:16:00,27.27,NORMAL
DEV002,Mumbai,2026-08-01 04:17:00,2026-08-01 04:17:00,34.88,NORMAL
DEV005,Chhatrapati Sambhajinagar,2026-08-01 04:18:00,2026-08-01 04:18:00,27.02,NORMAL
DEV001,Pune,2026-08-01 04:19:00,2026-08-01 04:19:00,34.12,NORMAL
DEV001,Pune,2026-08-01 04:20:00,2026-08-01 04:20:00,93.46,SENSOR_ANOMALY
DEV002,Mumbai,2026-08-01 04:21:00,2026-08-01 04:21:00,29.18,NORMAL
DEV003,Nashik,2026-08-01 04:22:00,2026-08-01 04:22:00,24.37,NORMAL
DEV003,Nashik,2026-08-01 04:23:00,2026-08-01 04:23:00,28.11,NORMAL
DEV005,Chhatrapati Sambhajinagar,2026-08-01 04:24:00,2026-08-01 04:24:00,26.28,NORMAL
DEV004,Nagpur,2026-08-01 04:25:00,2026-08-01 04:25:00,34.95,NORMAL
DEV001,Pune,2026-08-01 04:26:00,2026-08-01 04:26:00,23.01,NORMAL
DEV003,Nashik,2026-08-01 04:27:00,2026-08-01 04:27:00,29.44,NORMAL
DEV005,Chhatrapati Sambhajinagar,2026-08-01 04:28:00,2026-08-01 04:28:00,25.95,NORMAL
DEV001,Pune,2026-08-01 04:29:00,2026-08-01 04:29:00,23.42,NORMAL
DEV004,Nagpur,2026-08-01 04:30:00,2026-08-01 04:30:00,32.47,NORMAL
DEV003,Nashik,2026-08-01 04:31:00,2026-08-01 04:31:00,22.34,NORMAL
DEV004,Nagpur,2026-08-01 04:32:00,2026-08-01 04:32:00,31.52,NORMAL
DEV003,Nashik,2026-08-01 04:33:00,2026-08-01 04:33:00,32.23,NORMAL
DEV005,Chhatrapati Sambhajinagar,2026-08-01 04:34:00,2026-08-01 04:34:00,29.37,NORMAL
DEV002,Mumbai,2026-08-01 04:35:00,2026-08-01 04:35:00,35.6,NORMAL
DEV002,Mumbai,2026-08-01 04:36:00,2026-08-01 04:36:00,30.14,NORMAL
DEV002,Mumbai,2026-08-01 04:37:00,2026-08-01 04:37:00,32.89,NORMAL
DEV005,Chhatrapati Sambhajinagar,2026-08-01 04:38:00,2026-08-01 04:38:00,32.55,NORMAL
DEV003,Nashik,2026-08-01 04:39:00,2026-08-01 04:39:00,25.11,NORMAL
DEV002,Mumbai,2026-08-01 04:40:00,2026-08-01 04:40:00,23.81,NORMAL
DEV002,Mumbai,2026-08-01 04:41:00,2026-08-01 04:41:00,33.13,NORMAL
DEV004,Nagpur,2026-08-01 04:42:00,2026-08-01 04:42:00,37.38,NORMAL
DEV005,Chhatrapati Sambhajinagar,2026-08-01 04:43:00,2026-08-01 04:43:00,22.68,NORMAL
DEV005,Chhatrapati Sambhajinagar,2026-08-01 04:44:00,2026-08-01 04:44:00,23.8,NORMAL
DEV001,Pune,2026-08-01 04:45:00,2026-08-01 04:53:00,34.35,LATE
DEV002,Mumbai,2026-08-01 04:46:00,2026-08-01 04:46:00,35.53,NORMAL
DEV003,Nashik,2026-08-01 04:47:00,2026-08-01 04:47:00,24.53,NORMAL
DEV002,Mumbai,2026-08-01 04:48:00,2026-08-01 04:48:00,25.31,NORMAL
DEV004,Nagpur,2026-08-01 04:49:00,2026-08-01 04:52:00,35.15,LATE
DEV004,Nagpur,2026-08-01 04:50:00,2026-08-01 04:50:00,35.05,NORMAL
DEV004,Nagpur,2026-08-01 04:51:00,2026-08-01 04:51:00,34.69,NORMAL
DEV002,Mumbai,2026-08-01 04:52:00,2026-08-01 04:52:00,37.85,NORMAL
DEV001,Pune,2026-08-01 04:53:00,2026-08-01 04:53:00,26.8,NORMAL
DEV002,Mumbai,2026-08-01 04:54:00,2026-08-01 04:54:00,23.13,NORMAL
DEV003,Nashik,2026-08-01 04:55:00,2026-08-01 04:55:00,23.09,NORMAL
DEV001,Pune,2026-08-01 04:56:00,2026-08-01 04:56:00,37.53,NORMAL
DEV001,Pune,2026-08-01 04:57:00,2026-08-01 04:57:00,24.99,NORMAL
DEV002,Mumbai,2026-08-01 04:58:00,2026-08-01 04:58:00,33.93,NORMAL
DEV003,Nashik,2026-08-01 04:59:00,2026-08-01 04:59:00,34.82,NORMAL
DEV001,Pune,2026-08-01 05:00:00,2026-08-01 05:09:00,32.75,LATE
DEV003,Nashik,2026-08-01 05:01:00,2026-08-01 05:01:00,32.63,NORMAL
DEV004,Nagpur,2026-08-01 05:02:00,2026-08-01 05:02:00,35.93,NORMAL
DEV002,Mumbai,2026-08-01 05:03:00,2026-08-01 05:03:00,23.51,NORMAL
DEV004,Nagpur,2026-08-01 05:04:00,2026-08-01 05:04:00,80.75,SENSOR_ANOMALY
DEV002,Mumbai,2026-08-01 05:05:00,2026-08-01 05:05:00,37.79,NORMAL
DEV001,Pune,2026-08-01 05:06:00,2026-08-01 05:06:00,33.32,NORMAL
DEV004,Nagpur,2026-08-01 05:07:00,2026-08-01 05:07:00,37.09,NORMAL
DEV005,Chhatrapati Sambhajinagar,2026-08-01 05:08:00,2026-08-01 05:08:00,23.35,NORMAL
DEV003,Nashik,2026-08-01 05:09:00,2026-08-01 05:09:00,35.02,NORMAL
DEV004,Nagpur,2026-08-01 05:10:00,2026-08-01 05:10:00,24.24,NORMAL
DEV004,Nagpur,2026-08-01 05:11:00,2026-08-01 05:11:00,28.5,NORMAL
DEV005,Chhatrapati Sambhajinagar,2026-08-01 05:12:00,2026-08-01 05:12:00,30.61,NORMAL
DEV005,Chhatrapati Sambhajinagar,2026-08-01 05:13:00,2026-08-01 05:13:00,29.74,NORMAL
DEV002,Mumbai,2026-08-01 05:04:00,2026-08-01 05:14:00,33.06,BACKDATED
DEV005,Chhatrapati Sambhajinagar,2026-08-01 05:15:00,2026-08-01 05:15:00,28.8,NORMAL
DEV005,Chhatrapati Sambhajinagar,2026-08-01 05:16:00,2026-08-01 05:16:00,32.53,NORMAL
DEV002,Mumbai,2026-08-01 05:17:00,2026-08-01 05:17:00,35.58,NORMAL
DEV001,Pune,2026-08-01 05:18:00,2026-08-01 05:18:00,26.17,NORMAL
DEV005,Chhatrapati Sambhajinagar,2026-08-01 05:19:00,2026-08-01 05:19:00,26.04,NORMAL
DEV005,Chhatrapati Sambhajinagar,2026-08-01 05:20:00,2026-08-01 05:20:00,28.13,NORMAL
DEV004,Nagpur,2026-08-01 05:21:00,2026-08-01 05:21:00,28.89,NORMAL
DEV001,Pune,2026-08-01 05:22:00,2026-08-01 05:22:00,36.71,NORMAL
DEV002,Mumbai,2026-08-01 05:23:00,2026-08-01 05:23:00,34.89,NORMAL
DEV003,Nashik,2026-08-01 05:24:00,2026-08-01 05:24:00,25.81,NORMAL
DEV001,Pune,2026-08-01 05:25:00,2026-08-01 05:25:00,33.55,NORMAL
DEV002,Mumbai,2026-08-01 05:26:00,2026-08-01 05:26:00,33.14,NORMAL
DEV002,Mumbai,2026-08-01 05:27:00,2026-08-01 05:33:00,34.72,LATE
DEV001,Pune,2026-08-01 05:28:00,2026-08-01 05:28:00,34.08,NORMAL
DEV003,Nashik,2026-08-01 05:29:00,2026-08-01 05:29:00,36.18,NORMAL
DEV004,Nagpur,2026-08-01 05:30:00,2026-08-01 05:34:00,32.65,LATE
DEV002,Mumbai,2026-08-01 05:31:00,2026-08-01 05:31:00,28.29,NORMAL
DEV001,Pune,2026-08-01 05:32:00,2026-08-01 05:32:00,28.36,NORMAL
DEV003,Nashik,2026-08-01 05:33:00,2026-08-01 05:33:00,29.52,NORMAL
DEV004,Nagpur,2026-08-01 05:34:00,2026-08-01 05:34:00,24.42,NORMAL
DEV005,Chhatrapati Sambhajinagar,2026-08-01 05:35:00,2026-08-01 05:35:00,30.46,NORMAL
DEV004,Nagpur,2026-08-01 05:36:00,2026-08-01 05:42:00,33.5,LATE
DEV004,Nagpur,2026-08-01 05:37:00,2026-08-01 05:37:00,31.72,NORMAL
DEV005,Chhatrapati Sambhajinagar,2026-08-01 05:38:00,2026-08-01 05:38:00,31.01,NORMAL
DEV001,Pune,2026-08-01 05:39:00,2026-08-01 05:39:00,22.67,NORMAL
DEV004,Nagpur,2026-08-01 05:40:00,2026-08-01 05:40:00,26.9,NORMAL
DEV002,Mumbai,2026-08-01 05:41:00,2026-08-01 05:41:00,27.42,NORMAL
DEV004,Nagpur,2026-08-01 05:42:00,2026-08-01 05:42:00,30.56,NORMAL
DEV005,Chhatrapati Sambhajinagar,2026-08-01 05:43:00,2026-08-01 05:43:00,24.53,NORMAL
DEV004,Nagpur,2026-08-01 05:44:00,2026-08-01 05:44:00,30.56,NORMAL
DEV002,Mumbai,2026-08-01 05:45:00,2026-08-01 05:45:00,32.75,NORMAL
DEV002,Mumbai,2026-08-01 05:46:00,2026-08-01 05:46:00,28.15,NORMAL
DEV003,Nashik,2026-08-01 05:47:00,2026-08-01 05:47:00,23.53,NORMAL
DEV001,Pune,2026-08-01 05:48:00,2026-08-01 05:48:00,96.26,SENSOR_ANOMALY
DEV001,Pune,2026-08-01 05:49:00,2026-08-01 05:49:00,35.94,NORMAL
DEV004,Nagpur,2026-08-01 05:50:00,2026-08-01 05:50:00,31.89,NORMAL
DEV002,Mumbai,2026-08-01 05:51:00,2026-08-01 05:51:00,23.66,NORMAL
DEV005,Chhatrapati Sambhajinagar,2026-08-01 05:52:00,2026-08-01 05:52:00,37.49,NORMAL
DEV003,Nashik,2026-08-01 05:53:00,2026-08-01 05:53:00,37.25,NORMAL
DEV004,Nagpur,2026-08-01 05:54:00,2026-08-01 05:54:00,35.58,NORMAL
DEV001,Pune,2026-08-01 05:27:00,2026-08-01 05:55:00,37.97,BACKDATED
DEV003,Nashik,2026-08-01 05:56:00,2026-08-01 05:56:00,33.19,NORMAL
DEV003,Nashik,2026-08-01 05:57:00,2026-08-01 05:57:00,37.38,NORMAL
DEV002,Mumbai,2026-08-01 05:58:00,2026-08-01 05:58:00,32.39,NORMAL
DEV001,Pune,2026-08-01 05:59:00,2026-08-01 05:59:00,27.3,NORMAL
DEV005,Chhatrapati Sambhajinagar,2026-08-01 06:00:00,2026-08-01 06:00:00,30.02,NORMAL
DEV004,Nagpur,2026-08-01 06:01:00,2026-08-01 06:01:00,32.82,NORMAL
DEV005,Chhatrapati Sambhajinagar,2026-08-01 06:02:00,2026-08-01 06:02:00,27.1,NORMAL
DEV001,Pune,2026-08-01 06:03:00,2026-08-01 06:05:00,31.59,LATE
DEV001,Pune,2026-08-01 06:04:00,2026-08-01 06:04:00,31.43,NORMAL
DEV005,Chhatrapati Sambhajinagar,2026-08-01 06:05:00,2026-08-01 06:05:00,25.64,NORMAL
DEV004,Nagpur,2026-08-01 06:06:00,2026-08-01 06:06:00,32.08,NORMAL
DEV003,Nashik,2026-08-01 06:07:00,2026-08-01 06:07:00,37.16,NORMAL
DEV001,Pune,2026-08-01 06:01:00,2026-08-01 06:08:00,35.53,BACKDATED
DEV005,Chhatrapati Sambhajinagar,2026-08-01 06:09:00,2026-08-01 06:09:00,27.84,NORMAL
DEV004,Nagpur,2026-08-01 06:10:00,2026-08-01 06:10:00,34.95,NORMAL
DEV003,Nashik,2026-08-01 06:11:00,2026-08-01 06:11:00,22.7,NORMAL
DEV002,Mumbai,2026-08-01 06:12:00,2026-08-01 06:12:00,32.99,NORMAL
DEV005,Chhatrapati Sambhajinagar,2026-08-01 06:13:00,2026-08-01 06:13:00,36.61,NORMAL
DEV003,Nashik,2026-08-01 06:14:00,2026-08-01 06:14:00,33.48,NORMAL
DEV005,Chhatrapati Sambhajinagar,2026-08-01 06:15:00,2026-08-01 06:15:00,36.62,NORMAL
DEV004,Nagpur,2026-08-01 06:16:00,2026-08-01 06:16:00,34.35,NORMAL
DEV005,Chhatrapati Sambhajinagar,2026-08-01 06:17:00,2026-08-01 06:17:00,26.34,NORMAL
DEV004,Nagpur,2026-08-01 06:18:00,2026-08-01 06:18:00,30.75,NORMAL
DEV001,Pune,2026-08-01 06:19:00,2026-08-01 06:19:00,33.7,NORMAL
DEV002,Mumbai,2026-08-01 06:20:00,2026-08-01 06:20:00,28.4,NORMAL
DEV001,Pune,2026-08-01 06:21:00,2026-08-01 06:21:00,24.6,NORMAL
DEV001,Pune,2026-08-01 06:22:00,2026-08-01 06:22:00,30.62,NORMAL
DEV001,Pune,2026-08-01 06:23:00,2026-08-01 06:23:00,32.72,NORMAL
DEV005,Chhatrapati Sambhajinagar,2026-08-01 06:24:00,2026-08-01 06:24:00,25.86,NORMAL
DEV002,Mumbai,2026-08-01 06:25:00,2026-08-01 06:25:00,37.05,NORMAL
DEV002,Mumbai,2026-08-01 06:26:00,2026-08-01 06:26:00,32.85,NORMAL
DEV001,Pune,2026-08-01 06:27:00,2026-08-01 06:27:00,22.84,NORMAL
DEV005,Chhatrapati Sambhajinagar,2026-08-01 06:28:00,2026-08-01 06:28:00,37.75,NORMAL
DEV002,Mumbai,2026-08-01 06:29:00,2026-08-01 06:29:00,23.9,NORMAL
DEV005,Chhatrapati Sambhajinagar,2026-08-01 06:30:00,2026-08-01 06:30:00,36.26,NORMAL
DEV005,Chhatrapati Sambhajinagar,2026-08-01 06:31:00,2026-08-01 06:31:00,34.95,NORMAL
DEV002,Mumbai,2026-08-01 06:32:00,2026-08-01 06:32:00,36.6,NORMAL
DEV005,Chhatrapati Sambhajinagar,2026-08-01 06:33:00,2026-08-01 06:33:00,22.11,NORMAL
DEV001,Pune,2026-08-01 06:34:00,2026-08-01 06:34:00,26.6,NORMAL
DEV004,Nagpur,2026-08-01 06:35:00,2026-08-01 06:35:00,30.17,NORMAL
DEV004,Nagpur,2026-08-01 06:36:00,2026-08-01 06:36:00,34.93,NORMAL
DEV003,Nashik,2026-08-01 06:37:00,2026-08-01 06:37:00,29.27,NORMAL
DEV002,Mumbai,2026-08-01 06:38:00,2026-08-01 06:38:00,23.16,NORMAL
DEV004,Nagpur,2026-08-01 06:39:00,2026-08-01 06:39:00,29.63,NORMAL
DEV003,Nashik,2026-08-01 06:40:00,2026-08-01 06:40:00,35.36,NORMAL
DEV003,Nashik,2026-08-01 06:41:00,2026-08-01 06:41:00,35.14,NORMAL
DEV005,Chhatrapati Sambhajinagar,2026-08-01 06:42:00,2026-08-01 06:42:00,24.93,NORMAL
DEV004,Nagpur,2026-08-01 06:43:00,2026-08-01 06:43:00,22.45,NORMAL
DEV004,Nagpur,2026-08-01 06:44:00,2026-08-01 06:44:00,25.49,NORMAL
DEV002,Mumbai,2026-08-01 06:45:00,2026-08-01 06:45:00,34.52,NORMAL
DEV002,Mumbai,2026-08-01 06:46:00,2026-08-01 06:46:00,36.84,NORMAL
DEV004,Nagpur,2026-08-01 06:47:00,2026-08-01 06:47:00,26.38,NORMAL
DEV002,Mumbai,2026-08-01 06:48:00,2026-08-01 06:48:00,37.41,NORMAL
DEV005,Chhatrapati Sambhajinagar,2026-08-01 06:49:00,2026-08-01 06:49:00,25.35,NORMAL
DEV005,Chhatrapati Sambhajinagar,2026-08-01 06:50:00,2026-08-01 06:50:00,36.57,NORMAL
DEV004,Nagpur,2026-08-01 06:51:00,2026-08-01 06:51:00,37.39,NORMAL
DEV003,Nashik,2026-08-01 06:52:00,2026-08-01 06:52:00,24.69,NORMAL
DEV001,Pune,2026-08-01 06:53:00,2026-08-01 06:53:00,37.11,NORMAL
DEV004,Nagpur,2026-08-01 06:54:00,2026-08-01 06:54:00,26.28,NORMAL
DEV001,Pune,2026-08-01 06:55:00,2026-08-01 06:55:00,29.27,NORMAL
DEV002,Mumbai,2026-08-01 06:56:00,2026-08-01 07:01:00,33.41,LATE
DEV002,Mumbai,2026-08-01 06:57:00,2026-08-01 06:57:00,26.04,NORMAL
DEV001,Pune,2026-08-01 06:58:00,2026-08-01 06:58:00,30.14,NORMAL
DEV005,Chhatrapati Sambhajinagar,2026-08-01 06:59:00,2026-08-01 06:59:00,25.63,NORMAL
DEV005,Chhatrapati Sambhajinagar,2026-08-01 07:00:00,2026-08-01 07:00:00,37.06,NORMAL
DEV001,Pune,2026-08-01 07:01:00,2026-08-01 07:01:00,30.8,NORMAL
DEV004,Nagpur,2026-08-01 07:02:00,2026-08-01 07:02:00,29.05,NORMAL
DEV003,Nashik,2026-08-01 07:03:00,2026-08-01 07:03:00,22.55,NORMAL
DEV001,Pune,2026-08-01 07:04:00,2026-08-01 07:04:00,24.26,NORMAL
DEV001,Pune,2026-08-01 07:05:00,2026-08-01 07:05:00,70.32,SENSOR_ANOMALY
DEV005,Chhatrapati Sambhajinagar,2026-08-01 07:06:00,2026-08-01 07:06:00,23.97,NORMAL
DEV002,Mumbai,2026-08-01 07:07:00,2026-08-01 07:07:00,36.12,NORMAL
DEV003,Nashik,2026-08-01 07:08:00,2026-08-01 07:08:00,23.69,NORMAL
DEV003,Nashik,2026-08-01 07:09:00,2026-08-01 07:09:00,26.33,NORMAL
DEV001,Pune,2026-08-01 07:10:00,2026-08-01 07:10:00,30.77,NORMAL
DEV003,Nashik,2026-08-01 07:11:00,2026-08-01 07:11:00,27.14,NORMAL
DEV002,Mumbai,2026-08-01 06:58:00,2026-08-01 07:12:00,32.93,BACKDATED
DEV001,Pune,2026-08-01 07:13:00,2026-08-01 07:13:00,32.91,NORMAL
DEV003,Nashik,2026-08-01 07:14:00,2026-08-01 07:14:00,24.01,NORMAL
DEV002,Mumbai,2026-08-01 07:15:00,2026-08-01 07:15:00,37.56,NORMAL
DEV004,Nagpur,2026-08-01 07:16:00,2026-08-01 07:16:00,25.25,NORMAL
DEV001,Pune,2026-08-01 07:17:00,2026-08-01 07:17:00,36.77,NORMAL
DEV002,Mumbai,2026-08-01 07:18:00,2026-08-01 07:18:00,37.2,NORMAL
DEV002,Mumbai,2026-08-01 07:19:00,2026-08-01 07:19:00,24.86,NORMAL
DEV001,Pune,2026-08-01 07:20:00,2026-08-01 07:20:00,27.44,NORMAL
DEV001,Pune,2026-08-01 07:21:00,2026-08-01 07:21:00,28.04,NORMAL
DEV003,Nashik,2026-08-01 07:22:00,2026-08-01 07:22:00,25.2,NORMAL
DEV004,Nagpur,2026-08-01 07:23:00,2026-08-01 07:23:00,36.35,NORMAL
DEV005,Chhatrapati Sambhajinagar,2026-08-01 07:24:00,2026-08-01 07:24:00,36.15,NORMAL
DEV005,Chhatrapati Sambhajinagar,2026-08-01 07:25:00,2026-08-01 07:25:00,37.16,NORMAL
DEV003,Nashik,2026-08-01 07:26:00,2026-08-01 07:26:00,28.45,NORMAL
DEV005,Chhatrapati Sambhajinagar,2026-08-01 07:27:00,2026-08-01 07:27:00,27.73,NORMAL
DEV005,Chhatrapati Sambhajinagar,2026-08-01 07:28:00,2026-08-01 07:28:00,37.19,NORMAL
DEV004,Nagpur,2026-08-01 07:29:00,2026-08-01 07:29:00,23.76,NORMAL
DEV001,Pune,2026-08-01 07:30:00,2026-08-01 07:30:00,33.78,NORMAL
DEV004,Nagpur,2026-08-01 07:31:00,2026-08-01 07:31:00,35.57,NORMAL
DEV003,Nashik,2026-08-01 07:32:00,2026-08-01 07:32:00,32.97,NORMAL
DEV001,Pune,2026-08-01 07:33:00,2026-08-01 07:33:00,37.81,NORMAL
DEV002,Mumbai,2026-08-01 07:34:00,2026-08-01 07:34:00,28.03,NORMAL
DEV004,Nagpur,2026-08-01 07:35:00,2026-08-01 07:35:00,37.83,NORMAL
DEV002,Mumbai,2026-08-01 07:36:00,2026-08-01 07:36:00,28.55,NORMAL
DEV003,Nashik,2026-08-01 07:37:00,2026-08-01 07:37:00,26.8,NORMAL
DEV002,Mumbai,2026-08-01 07:38:00,2026-08-01 07:38:00,30.2,NORMAL
DEV003,Nashik,2026-08-01 07:39:00,2026-08-01 07:39:00,22.55,NORMAL
DEV005,Chhatrapati Sambhajinagar,2026-08-01 07:40:00,2026-08-01 07:40:00,27.83,NORMAL
DEV002,Mumbai,2026-08-01 07:41:00,2026-08-01 07:41:00,32.75,NORMAL
DEV002,Mumbai,2026-08-01 07:42:00,2026-08-01 07:42:00,31.69,NORMAL
DEV005,Chhatrapati Sambhajinagar,2026-08-01 07:43:00,2026-08-01 07:43:00,26.57,NORMAL
DEV004,Nagpur,2026-08-01 07:44:00,2026-08-01 07:44:00,22.04,NORMAL
DEV003,Nashik,2026-08-01 07:45:00,2026-08-01 07:45:00,37.48,NORMAL
DEV003,Nashik,2026-08-01 07:46:00,2026-08-01 07:46:00,24.18,NORMAL
DEV003,Nashik,2026-08-01 07:47:00,2026-08-01 07:47:00,34.57,NORMAL
DEV004,Nagpur,2026-08-01 07:48:00,2026-08-01 07:48:00,23.72,NORMAL
DEV001,Pune,2026-08-01 07:49:00,2026-08-01 07:49:00,23.96,NORMAL
DEV003,Nashik,2026-08-01 07:50:00,2026-08-01 07:59:00,23.08,LATE
DEV003,Nashik,2026-08-01 07:51:00,2026-08-01 07:51:00,30.91,NORMAL
DEV001,Pune,2026-08-01 07:52:00,2026-08-01 07:52:00,22.78,NORMAL
DEV005,Chhatrapati Sambhajinagar,2026-08-01 07:53:00,2026-08-01 07:53:00,31.4,NORMAL
DEV003,Nashik,2026-08-01 07:54:00,2026-08-01 07:54:00,32.39,NORMAL
DEV004,Nagpur,2026-08-01 07:55:00,2026-08-01 07:55:00,23.67,NORMAL
DEV003,Nashik,2026-08-01 07:56:00,2026-08-01 07:56:00,28.04,NORMAL
DEV003,Nashik,2026-08-01 07:48:00,2026-08-01 07:57:00,32.42,BACKDATED
DEV005,Chhatrapati Sambhajinagar,2026-08-01 07:58:00,2026-08-01 07:58:00,24.83,NORMAL
DEV001,Pune,2026-08-01 07:59:00,2026-08-01 07:59:00,32.49,NORMAL
DEV003,Nashik,2026-08-01 08:00:00,2026-08-01 08:00:00,26.73,NORMAL
DEV005,Chhatrapati Sambhajinagar,2026-08-01 08:01:00,2026-08-01 08:01:00,33.73,NORMAL
DEV005,Chhatrapati Sambhajinagar,2026-08-01 08:02:00,2026-08-01 08:02:00,37.44,NORMAL
DEV001,Pune,2026-08-01 08:03:00,2026-08-01 08:03:00,37.68,NORMAL
DEV005,Chhatrapati Sambhajinagar,2026-08-01 08:04:00,2026-08-01 08:04:00,29.22,NORMAL
DEV001,Pune,2026-08-01 08:05:00,2026-08-01 08:05:00,24.01,NORMAL
DEV005,Chhatrapati Sambhajinagar,2026-08-01 08:06:00,2026-08-01 08:06:00,25.25,NORMAL
DEV005,Chhatrapati Sambhajinagar,2026-08-01 08:07:00,2026-08-01 08:07:00,28.66,NORMAL
DEV001,Pune,2026-08-01 08:08:00,2026-08-01 08:08:00,27.86,NORMAL
DEV003,Nashik,2026-08-01 08:09:00,2026-08-01 08:09:00,30.31,NORMAL
DEV003,Nashik,2026-08-01 08:10:00,2026-08-01 08:10:00,36.53,NORMAL
DEV001,Pune,2026-08-01 08:11:00,2026-08-01 08:11:00,36.43,NORMAL
DEV002,Mumbai,2026-08-01 08:12:00,2026-08-01 08:12:00,29.89,NORMAL
DEV004,Nagpur,2026-08-01 08:13:00,2026-08-01 08:13:00,25.9,NORMAL
DEV005,Chhatrapati Sambhajinagar,2026-08-01 08:14:00,2026-08-01 08:14:00,29.21,NORMAL
DEV001,Pune,2026-08-01 08:15:00,2026-08-01 08:15:00,32.36,NORMAL
DEV003,Nashik,2026-08-01 08:16:00,2026-08-01 08:16:00,36.2,NORMAL
DEV002,Mumbai,2026-08-01 08:17:00,2026-08-01 08:17:00,33.83,NORMAL
DEV003,Nashik,2026-08-01 08:18:00,2026-08-01 08:18:00,24.63,NORMAL
DEV005,Chhatrapati Sambhajinagar,2026-08-01 08:19:00,2026-08-01 08:19:00,26.04,NORMAL
DEV002,Mumbai,2026-08-01 08:20:00,2026-08-01 08:20:00,37.33,NORMAL
DEV004,Nagpur,2026-08-01 08:21:00,2026-08-01 08:21:00,26.4,NORMAL
DEV001,Pune,2026-08-01 08:22:00,2026-08-01 08:22:00,35.85,NORMAL
DEV003,Nashik,2026-08-01 08:23:00,2026-08-01 08:23:00,32.56,NORMAL
DEV001,Pune,2026-08-01 08:24:00,2026-08-01 08:24:00,32.58,NORMAL
DEV004,Nagpur,2026-08-01 08:25:00,2026-08-01 08:25:00,36.62,NORMAL
DEV005,Chhatrapati Sambhajinagar,2026-08-01 08:26:00,2026-08-01 08:26:00,32.88,NORMAL
DEV005,Chhatrapati Sambhajinagar,2026-08-01 08:27:00,2026-08-01 08:27:00,25.72,NORMAL
DEV001,Pune,2026-08-01 08:28:00,2026-08-01 08:28:00,37.82,NORMAL
DEV005,Chhatrapati Sambhajinagar,2026-08-01 08:29:00,2026-08-01 08:29:00,23.13,NORMAL
DEV002,Mumbai,2026-08-01 08:30:00,2026-08-01 08:30:00,27.16,NORMAL
DEV005,Chhatrapati Sambhajinagar,2026-08-01 08:31:00,2026-08-01 08:31:00,35.45,NORMAL
DEV005,Chhatrapati Sambhajinagar,2026-08-01 08:32:00,2026-08-01 08:32:00,25.09,NORMAL
DEV003,Nashik,2026-08-01 08:33:00,2026-08-01 08:33:00,24.69,NORMAL
DEV001,Pune,2026-08-01 08:34:00,2026-08-01 08:34:00,31.72,NORMAL
DEV001,Pune,2026-08-01 08:35:00,2026-08-01 08:35:00,30.76,NORMAL
DEV002,Mumbai,2026-08-01 08:36:00,2026-08-01 08:36:00,28.54,NORMAL
DEV002,Mumbai,2026-08-01 08:37:00,2026-08-01 08:37:00,30.64,NORMAL
DEV003,Nashik,2026-08-01 08:38:00,2026-08-01 08:38:00,29.02,NORMAL
DEV001,Pune,2026-08-01 08:39:00,2026-08-01 08:39:00,29.68,NORMAL
DEV005,Chhatrapati Sambhajinagar,2026-08-01 08:40:00,2026-08-01 08:40:00,23.94,NORMAL
DEV005,Chhatrapati Sambhajinagar,2026-08-01 08:41:00,2026-08-01 08:41:00,34.25,NORMAL
DEV003,Nashik,2026-08-01 08:42:00,2026-08-01 08:42:00,37.08,NORMAL
DEV002,Mumbai,2026-08-01 08:43:00,2026-08-01 08:43:00,23.49,NORMAL
DEV002,Mumbai,2026-08-01 08:44:00,2026-08-01 08:44:00,23.63,NORMAL
DEV002,Mumbai,2026-08-01 08:45:00,2026-08-01 08:45:00,27.87,NORMAL
DEV005,Chhatrapati Sambhajinagar,2026-08-01 08:46:00,2026-08-01 08:46:00,25.24,NORMAL
DEV003,Nashik,2026-08-01 08:47:00,2026-08-01 08:47:00,22.86,NORMAL
DEV001,Pune,2026-08-01 08:48:00,2026-08-01 08:48:00,31.18,NORMAL
DEV003,Nashik,2026-08-01 08:49:00,2026-08-01 08:49:00,30.45,NORMAL
DEV003,Nashik,2026-08-01 08:50:00,2026-08-01 08:50:00,22.28,NORMAL
DEV003,Nashik,2026-08-01 08:51:00,2026-08-01 08:51:00,24.8,NORMAL
DEV002,Mumbai,2026-08-01 08:52:00,2026-08-01 08:52:00,26.39,NORMAL
DEV005,Chhatrapati Sambhajinagar,2026-08-01 08:53:00,2026-08-01 08:53:00,35.27,NORMAL
DEV004,Nagpur,2026-08-01 08:54:00,2026-08-01 08:54:00,25.82,NORMAL
DEV005,Chhatrapati Sambhajinagar,2026-08-01 08:55:00,2026-08-01 08:55:00,32.33,NORMAL
DEV003,Nashik,2026-08-01 08:56:00,2026-08-01 08:56:00,36.13,NORMAL
DEV001,Pune,2026-08-01 08:57:00,2026-08-01 08:57:00,24.54,NORMAL
DEV002,Mumbai,2026-08-01 08:58:00,2026-08-01 08:58:00,36.3,NORMAL
DEV005,Chhatrapati Sambhajinagar,2026-08-01 08:59:00,2026-08-01 08:59:00,37.8,NORMAL
DEV004,Nagpur,2026-08-01 09:00:00,2026-08-01 09:00:00,33.95,NORMAL
DEV002,Mumbai,2026-08-01 09:01:00,2026-08-01 09:01:00,32.17,NORMAL
DEV002,Mumbai,2026-08-01 09:02:00,2026-08-01 09:02:00,35.25,NORMAL
DEV002,Mumbai,2026-08-01 09:03:00,2026-08-01 09:03:00,32.29,NORMAL
DEV002,Mumbai,2026-08-01 09:04:00,2026-08-01 09:04:00,24.17,NORMAL
DEV002,Mumbai,2026-08-01 09:05:00,2026-08-01 09:05:00,30.9,NORMAL
DEV003,Nashik,2026-08-01 09:06:00,2026-08-01 09:06:00,35.48,NORMAL
DEV004,Nagpur,2026-08-01 08:48:00,2026-08-01 09:07:00,26.6,BACKDATED
DEV002,Mumbai,2026-08-01 09:08:00,2026-08-01 09:08:00,25.86,NORMAL
DEV002,Mumbai,2026-08-01 09:09:00,2026-08-01 09:09:00,30.2,NORMAL
DEV004,Nagpur,2026-08-01 09:10:00,2026-08-01 09:10:00,29.33,NORMAL
DEV003,Nashik,2026-08-01 09:11:00,2026-08-01 09:11:00,33.18,NORMAL
DEV003,Nashik,2026-08-01 09:12:00,2026-08-01 09:12:00,27.2,NORMAL
DEV004,Nagpur,2026-08-01 09:13:00,2026-08-01 09:13:00,26.46,NORMAL
DEV001,Pune,2026-08-01 08:59:00,2026-08-01 09:14:00,33.11,BACKDATED
DEV003,Nashik,2026-08-01 09:15:00,2026-08-01 09:15:00,29.2,NORMAL
DEV001,Pune,2026-08-01 09:16:00,2026-08-01 09:16:00,28.68,NORMAL
DEV003,Nashik,2026-08-01 09:17:00,2026-08-01 09:17:00,86.77,SENSOR_ANOMALY
DEV001,Pune,2026-08-01 09:18:00,2026-08-01 09:18:00,30.85,NORMAL
DEV001,Pune,2026-08-01 09:19:00,2026-08-01 09:19:00,23.81,NORMAL
DEV003,Nashik,2026-08-01 09:20:00,2026-08-01 09:20:00,31.61,NORMAL
DEV004,Nagpur,2026-08-01 09:21:00,2026-08-01 09:21:00,32.07,NORMAL
DEV003,Nashik,2026-08-01 09:22:00,2026-08-01 09:22:00,32.64,NORMAL
DEV005,Chhatrapati Sambhajinagar,2026-08-01 09:23:00,2026-08-01 09:23:00,27.81,NORMAL
DEV005,Chhatrapati Sambhajinagar,2026-08-01 09:24:00,2026-08-01 09:24:00,27.27,NORMAL
DEV004,Nagpur,2026-08-01 09:25:00,2026-08-01 09:25:00,36.33,NORMAL
DEV005,Chhatrapati Sambhajinagar,2026-08-01 09:26:00,2026-08-01 09:26:00,28.25,NORMAL
DEV004,Nagpur,2026-08-01 09:27:00,2026-08-01 09:27:00,29.9,NORMAL
DEV004,Nagpur,2026-08-01 09:28:00,2026-08-01 09:28:00,33.1,NORMAL
DEV005,Chhatrapati Sambhajinagar,2026-08-01 09:29:00,2026-08-01 09:29:00,23.69,NORMAL
DEV003,Nashik,2026-08-01 09:30:00,2026-08-01 09:30:00,32.49,NORMAL
DEV004,Nagpur,2026-08-01 09:31:00,2026-08-01 09:31:00,29.37,NORMAL
DEV002,Mumbai,2026-08-01 09:32:00,2026-08-01 09:32:00,22.41,NORMAL
DEV001,Pune,2026-08-01 09:33:00,2026-08-01 09:33:00,37.24,NORMAL
DEV001,Pune,2026-08-01 09:34:00,2026-08-01 09:34:00,27.29,NORMAL
DEV001,Pune,2026-08-01 09:35:00,2026-08-01 09:35:00,22.84,NORMAL
DEV005,Chhatrapati Sambhajinagar,2026-08-01 09:36:00,2026-08-01 09:36:00,33.77,NORMAL
DEV001,Pune,2026-08-01 09:37:00,2026-08-01 09:37:00,24.48,NORMAL
DEV003,Nashik,2026-08-01 09:38:00,2026-08-01 09:38:00,22.27,NORMAL
DEV004,Nagpur,2026-08-01 09:39:00,2026-08-01 09:39:00,24.82,NORMAL
DEV001,Pune,2026-08-01 09:40:00,2026-08-01 09:40:00,24.89,NORMAL
DEV003,Nashik,2026-08-01 09:41:00,2026-08-01 09:41:00,37.17,NORMAL
DEV005,Chhatrapati Sambhajinagar,2026-08-01 09:42:00,2026-08-01 09:42:00,24.36,NORMAL
DEV002,Mumbai,2026-08-01 09:43:00,2026-08-01 09:43:00,33.96,NORMAL
DEV005,Chhatrapati Sambhajinagar,2026-08-01 09:44:00,2026-08-01 09:44:00,23.24,NORMAL
DEV005,Chhatrapati Sambhajinagar,2026-08-01 09:45:00,2026-08-01 09:45:00,34.79,NORMAL
DEV005,Chhatrapati Sambhajinagar,2026-08-01 09:46:00,2026-08-01 09:46:00,22.67,NORMAL
DEV001,Pune,2026-08-01 09:47:00,2026-08-01 09:47:00,34.53,NORMAL
DEV005,Chhatrapati Sambhajinagar,2026-08-01 09:48:00,2026-08-01 09:48:00,36.72,NORMAL
DEV005,Chhatrapati Sambhajinagar,2026-08-01 09:49:00,2026-08-01 09:49:00,32.69,NORMAL
DEV005,Chhatrapati Sambhajinagar,2026-08-01 09:50:00,2026-08-01 09:50:00,28.55,NORMAL
DEV005,Chhatrapati Sambhajinagar,2026-08-01 09:51:00,2026-08-01 09:51:00,36.93,NORMAL
DEV001,Pune,2026-08-01 09:52:00,2026-08-01 09:52:00,36.73,NORMAL
DEV004,Nagpur,2026-08-01 09:53:00,2026-08-01 09:53:00,29.41,NORMAL
DEV004,Nagpur,2026-08-01 09:54:00,2026-08-01 09:54:00,23.91,NORMAL
DEV002,Mumbai,2026-08-01 09:55:00,2026-08-01 09:55:00,22.03,NORMAL
DEV003,Nashik,2026-08-01 09:56:00,2026-08-01 09:56:00,35.46,NORMAL
DEV002,Mumbai,2026-08-01 09:57:00,2026-08-01 09:57:00,26.31,NORMAL
DEV004,Nagpur,2026-08-01 09:58:00,2026-08-01 09:58:00,37.76,NORMAL
DEV003,Nashik,2026-08-01 09:59:00,2026-08-01 09:59:00,25.45,NORMAL
DEV002,Mumbai,2026-08-01 10:00:00,2026-08-01 10:00:00,33.32,NORMAL
DEV005,Chhatrapati Sambhajinagar,2026-08-01 09:48:00,2026-08-01 10:01:00,22.29,BACKDATED
DEV002,Mumbai,2026-08-01 10:02:00,2026-08-01 10:02:00,22.23,NORMAL
DEV003,Nashik,2026-08-01 10:03:00,2026-08-01 10:03:00,32.92,NORMAL
DEV004,Nagpur,2026-08-01 10:04:00,2026-08-01 10:04:00,22.95,NORMAL
DEV005,Chhatrapati Sambhajinagar,2026-08-01 10:05:00,2026-08-01 10:05:00,36.66,NORMAL
DEV004,Nagpur,2026-08-01 10:06:00,2026-08-01 10:06:00,36.48,NORMAL
DEV003,Nashik,2026-08-01 10:07:00,2026-08-01 10:07:00,35.24,NORMAL
DEV004,Nagpur,2026-08-01 10:08:00,2026-08-01 10:08:00,33.39,NORMAL
DEV002,Mumbai,2026-08-01 10:09:00,2026-08-01 10:09:00,34.35,NORMAL
DEV004,Nagpur,2026-08-01 10:10:00,2026-08-01 10:10:00,30.38,NORMAL
DEV004,Nagpur,2026-08-01 10:11:00,2026-08-01 10:11:00,36.12,NORMAL
DEV004,Nagpur,2026-08-01 10:12:00,2026-08-01 10:12:00,32.95,NORMAL
DEV005,Chhatrapati Sambhajinagar,2026-08-01 10:13:00,2026-08-01 10:13:00,25.11,NORMAL
DEV005,Chhatrapati Sambhajinagar,2026-08-01 10:14:00,2026-08-01 10:14:00,22.48,NORMAL
DEV002,Mumbai,2026-08-01 10:15:00,2026-08-01 10:15:00,32.01,NORMAL
DEV001,Pune,2026-08-01 10:16:00,2026-08-01 10:16:00,24.14,NORMAL
DEV005,Chhatrapati Sambhajinagar,2026-08-01 10:17:00,2026-08-01 10:17:00,35.62,NORMAL
DEV003,Nashik,2026-08-01 10:18:00,2026-08-01 10:18:00,31.8,NORMAL
DEV005,Chhatrapati Sambhajinagar,2026-08-01 10:19:00,2026-08-01 10:19:00,31.8,NORMAL
DEV004,Nagpur,2026-08-01 10:20:00,2026-08-01 10:20:00,37.32,NORMAL
DEV003,Nashik,2026-08-01 10:21:00,2026-08-01 10:21:00,37.85,NORMAL
DEV004,Nagpur,2026-08-01 10:22:00,2026-08-01 10:22:00,27.87,NORMAL
DEV003,Nashik,2026-08-01 10:23:00,2026-08-01 10:23:00,24.25,NORMAL
DEV005,Chhatrapati Sambhajinagar,2026-08-01 10:24:00,2026-08-01 10:24:00,28.32,NORMAL
DEV003,Nashik,2026-08-01 10:25:00,2026-08-01 10:25:00,35.54,NORMAL
DEV005,Chhatrapati Sambhajinagar,2026-08-01 10:26:00,2026-08-01 10:26:00,36.21,NORMAL
DEV004,Nagpur,2026-08-01 10:27:00,2026-08-01 10:27:00,28.62,NORMAL
DEV005,Chhatrapati Sambhajinagar,2026-08-01 10:28:00,2026-08-01 10:28:00,25.4,NORMAL
DEV001,Pune,2026-08-01 10:29:00,2026-08-01 10:29:00,34.2,NORMAL
DEV004,Nagpur,2026-08-01 10:30:00,2026-08-01 10:30:00,29.95,NORMAL
DEV004,Nagpur,2026-08-01 10:31:00,2026-08-01 10:31:00,37.63,NORMAL
DEV002,Mumbai,2026-08-01 10:32:00,2026-08-01 10:32:00,28.43,NORMAL
DEV004,Nagpur,2026-08-01 10:33:00,2026-08-01 10:33:00,30.91,NORMAL
DEV004,Nagpur,2026-08-01 10:34:00,2026-08-01 10:34:00,33.03,NORMAL
DEV002,Mumbai,2026-08-01 10:35:00,2026-08-01 10:35:00,35.44,NORMAL
DEV002,Mumbai,2026-08-01 10:36:00,2026-08-01 10:41:00,25.62,LATE
DEV005,Chhatrapati Sambhajinagar,2026-08-01 10:37:00,2026-08-01 10:37:00,22.69,NORMAL
DEV001,Pune,2026-08-01 10:38:00,2026-08-01 10:38:00,30.37,NORMAL
DEV004,Nagpur,2026-08-01 10:39:00,2026-08-01 10:39:00,23.74,NORMAL
DEV003,Nashik,2026-08-01 10:40:00,2026-08-01 10:46:00,24.82,LATE
DEV002,Mumbai,2026-08-01 10:41:00,2026-08-01 10:41:00,28.36,NORMAL
DEV002,Mumbai,2026-08-01 10:42:00,2026-08-01 10:42:00,32.06,NORMAL
DEV003,Nashik,2026-08-01 10:43:00,2026-08-01 10:43:00,28.34,NORMAL
DEV005,Chhatrapati Sambhajinagar,2026-08-01 10:44:00,2026-08-01 10:44:00,35.67,NORMAL
DEV005,Chhatrapati Sambhajinagar,2026-08-01 10:45:00,2026-08-01 10:45:00,35.42,NORMAL
DEV005,Chhatrapati Sambhajinagar,2026-08-01 10:46:00,2026-08-01 10:46:00,35.97,NORMAL
DEV004,Nagpur,2026-08-01 10:47:00,2026-08-01 10:47:00,24.07,NORMAL
DEV001,Pune,2026-08-01 10:48:00,2026-08-01 10:48:00,26.1,NORMAL
DEV004,Nagpur,2026-08-01 10:49:00,2026-08-01 10:49:00,37.48,NORMAL
DEV003,Nashik,2026-08-01 10:50:00,2026-08-01 10:50:00,22.74,NORMAL
DEV004,Nagpur,2026-08-01 10:51:00,2026-08-01 10:51:00,32.67,NORMAL
DEV001,Pune,2026-08-01 10:52:00,2026-08-01 10:52:00,36.19,NORMAL
DEV001,Pune,2026-08-01 10:53:00,2026-08-01 10:53:00,31.26,NORMAL
DEV005,Chhatrapati Sambhajinagar,2026-08-01 10:54:00,2026-08-01 10:54:00,23.2,NORMAL
DEV003,Nashik,2026-08-01 10:55:00,2026-08-01 10:55:00,30.04,NORMAL
DEV004,Nagpur,2026-08-01 10:56:00,2026-08-01 10:56:00,36.58,NORMAL
DEV002,Mumbai,2026-08-01 10:57:00,2026-08-01 10:57:00,22.45,NORMAL
DEV002,Mumbai,2026-08-01 10:58:00,2026-08-01 10:58:00,36.91,NORMAL
DEV005,Chhatrapati Sambhajinagar,2026-08-01 10:59:00,2026-08-01 10:59:00,95.1,SENSOR_ANOMALY
DEV001,Pune,2026-08-01 11:00:00,2026-08-01 11:00:00,22.17,NORMAL
DEV001,Pune,2026-08-01 11:01:00,2026-08-01 11:01:00,22.4,NORMAL
DEV001,Pune,2026-08-01 11:02:00,2026-08-01 11:02:00,34.59,NORMAL
DEV001,Pune,2026-08-01 11:03:00,2026-08-01 11:03:00,32.33,NORMAL
DEV001,Pune,2026-08-01 11:04:00,2026-08-01 11:04:00,32.68,NORMAL
DEV005,Chhatrapati Sambhajinagar,2026-08-01 11:05:00,2026-08-01 11:05:00,24.31,NORMAL
DEV003,Nashik,2026-08-01 11:06:00,2026-08-01 11:06:00,35.89,NORMAL
DEV003,Nashik,2026-08-01 11:07:00,2026-08-01 11:07:00,28.99,NORMAL
DEV001,Pune,2026-08-01 11:08:00,2026-08-01 11:08:00,31.74,NORMAL
DEV005,Chhatrapati Sambhajinagar,2026-08-01 11:09:00,2026-08-01 11:09:00,35.77,NORMAL
DEV001,Pune,2026-08-01 11:10:00,2026-08-01 11:10:00,36.09,NORMAL
DEV002,Mumbai,2026-08-01 11:11:00,2026-08-01 11:11:00,25.04,NORMAL
DEV002,Mumbai,2026-08-01 11:12:00,2026-08-01 11:12:00,32.53,NORMAL
DEV005,Chhatrapati Sambhajinagar,2026-08-01 11:13:00,2026-08-01 11:13:00,30.57,NORMAL
DEV005,Chhatrapati Sambhajinagar,2026-08-01 11:14:00,2026-08-01 11:14:00,22.99,NORMAL
DEV002,Mumbai,2026-08-01 11:15:00,2026-08-01 11:15:00,33.8,NORMAL
DEV005,Chhatrapati Sambhajinagar,2026-08-01 11:16:00,2026-08-01 11:16:00,29.43,NORMAL
DEV003,Nashik,2026-08-01 11:17:00,2026-08-01 11:17:00,37.38,NORMAL
DEV003,Nashik,2026-08-01 11:18:00,2026-08-01 11:18:00,26.52,NORMAL
DEV004,Nagpur,2026-08-01 11:19:00,2026-08-01 11:19:00,31.44,NORMAL
DEV002,Mumbai,2026-08-01 11:20:00,2026-08-01 11:20:00,30.35,NORMAL
DEV005,Chhatrapati Sambhajinagar,2026-08-01 11:21:00,2026-08-01 11:21:00,30.75,NORMAL
DEV005,Chhatrapati Sambhajinagar,2026-08-01 11:22:00,2026-08-01 11:22:00,35.78,NORMAL
DEV001,Pune,2026-08-01 11:23:00,2026-08-01 11:23:00,36.08,NORMAL
DEV002,Mumbai,2026-08-01 11:24:00,2026-08-01 11:24:00,36.42,NORMAL
DEV001,Pune,2026-08-01 11:25:00,2026-08-01 11:25:00,32.52,NORMAL
DEV001,Pune,2026-08-01 11:26:00,2026-08-01 11:26:00,35.24,NORMAL
DEV004,Nagpur,2026-08-01 11:27:00,2026-08-01 11:27:00,31.62,NORMAL
DEV003,Nashik,2026-08-01 11:28:00,2026-08-01 11:28:00,29.9,NORMAL
DEV002,Mumbai,2026-08-01 11:29:00,2026-08-01 11:29:00,31.92,NORMAL
DEV004,Nagpur,2026-08-01 11:30:00,2026-08-01 11:30:00,34.89,NORMAL
DEV004,Nagpur,2026-08-01 11:31:00,2026-08-01 11:31:00,24.98,NORMAL
DEV004,Nagpur,2026-08-01 11:32:00,2026-08-01 11:32:00,33.41,NORMAL
DEV005,Chhatrapati Sambhajinagar,2026-08-01 11:33:00,2026-08-01 11:33:00,32.26,NORMAL
DEV004,Nagpur,2026-08-01 11:34:00,2026-08-01 11:34:00,23.3,NORMAL
DEV002,Mumbai,2026-08-01 11:35:00,2026-08-01 11:35:00,28.98,NORMAL
DEV001,Pune,2026-08-01 11:36:00,2026-08-01 11:36:00,33.23,NORMAL
DEV003,Nashik,2026-08-01 11:37:00,2026-08-01 11:37:00,37.86,NORMAL
DEV004,Nagpur,2026-08-01 11:38:00,2026-08-01 11:38:00,31.49,NORMAL
DEV004,Nagpur,2026-08-01 11:39:00,2026-08-01 11:39:00,31.57,NORMAL
DEV002,Mumbai,2026-08-01 11:40:00,2026-08-01 11:40:00,31.54,NORMAL
DEV004,Nagpur,2026-08-01 11:41:00,2026-08-01 11:41:00,24.79,NORMAL
DEV001,Pune,2026-08-01 11:42:00,2026-08-01 11:42:00,33.58,NORMAL
DEV001,Pune,2026-08-01 11:43:00,2026-08-01 11:43:00,30.78,NORMAL
DEV003,Nashik,2026-08-01 11:44:00,2026-08-01 11:44:00,34.78,NORMAL
DEV004,Nagpur,2026-08-01 11:45:00,2026-08-01 11:45:00,23.09,NORMAL
DEV004,Nagpur,2026-08-01 11:46:00,2026-08-01 11:46:00,29.5,NORMAL
DEV001,Pune,2026-08-01 11:47:00,2026-08-01 11:47:00,35.5,NORMAL
DEV005,Chhatrapati Sambhajinagar,2026-08-01 11:48:00,2026-08-01 11:48:00,29.07,NORMAL
DEV002,Mumbai,2026-08-01 11:49:00,2026-08-01 11:49:00,35.8,NORMAL
DEV005,Chhatrapati Sambhajinagar,2026-08-01 11:50:00,2026-08-01 11:50:00,27.85,NORMAL
DEV005,Chhatrapati Sambhajinagar,2026-08-01 11:51:00,2026-08-01 11:51:00,33.36,NORMAL
DEV005,Chhatrapati Sambhajinagar,2026-08-01 11:52:00,2026-08-01 11:52:00,31.56,NORMAL
DEV001,Pune,2026-08-01 11:53:00,2026-08-01 11:53:00,29.24,NORMAL
DEV001,Pune,2026-08-01 11:54:00,2026-08-01 11:54:00,28.96,NORMAL
DEV004,Nagpur,2026-08-01 11:55:00,2026-08-01 11:55:00,31.32,NORMAL
DEV001,Pune,2026-08-01 11:56:00,2026-08-01 11:56:00,31.12,NORMAL
DEV005,Chhatrapati Sambhajinagar,2026-08-01 11:57:00,2026-08-01 11:57:00,22.56,NORMAL
DEV004,Nagpur,2026-08-01 11:58:00,2026-08-01 12:03:00,31.11,LATE
DEV002,Mumbai,2026-08-01 11:59:00,2026-08-01 12:03:00,36.08,LATE
DEV002,Mumbai,2026-08-01 12:00:00,2026-08-01 12:00:00,31.03,NORMAL
DEV002,Mumbai,2026-08-01 12:01:00,2026-08-01 12:01:00,36.71,NORMAL
DEV005,Chhatrapati Sambhajinagar,2026-08-01 12:02:00,2026-08-01 12:02:00,22.17,NORMAL
DEV001,Pune,2026-08-01 12:03:00,2026-08-01 12:03:00,31.39,NORMAL
DEV004,Nagpur,2026-08-01 12:04:00,2026-08-01 12:04:00,34.7,NORMAL
DEV005,Chhatrapati Sambhajinagar,2026-08-01 12:05:00,2026-08-01 12:05:00,27.86,NORMAL
DEV004,Nagpur,2026-08-01 12:06:00,2026-08-01 12:06:00,25.59,NORMAL
DEV004,Nagpur,2026-08-01 12:07:00,2026-08-01 12:07:00,28.77,NORMAL
DEV002,Mumbai,2026-08-01 12:08:00,2026-08-01 12:08:00,32.43,NORMAL
DEV001,Pune,2026-08-01 12:09:00,2026-08-01 12:09:00,26.26,NORMAL
DEV003,Nashik,2026-08-01 12:10:00,2026-08-01 12:10:00,29.78,NORMAL
DEV005,Chhatrapati Sambhajinagar,2026-08-01 12:11:00,2026-08-01 12:11:00,34.45,NORMAL
DEV004,Nagpur,2026-08-01 11:50:00,2026-08-01 12:12:00,25.19,BACKDATED
DEV003,Nashik,2026-08-01 12:13:00,2026-08-01 12:13:00,31.46,NORMAL
DEV003,Nashik,2026-08-01 12:14:00,2026-08-01 12:14:00,32.21,NORMAL
DEV003,Nashik,2026-08-01 12:15:00,2026-08-01 12:15:00,30.31,NORMAL
DEV005,Chhatrapati Sambhajinagar,2026-08-01 12:16:00,2026-08-01 12:16:00,31.69,NORMAL
DEV002,Mumbai,2026-08-01 12:17:00,2026-08-01 12:17:00,32.64,NORMAL
DEV002,Mumbai,2026-08-01 12:18:00,2026-08-01 12:18:00,28.94,NORMAL
DEV004,Nagpur,2026-08-01 12:19:00,2026-08-01 12:19:00,29.06,NORMAL
DEV002,Mumbai,2026-08-01 12:20:00,2026-08-01 12:20:00,33.01,NORMAL
DEV002,Mumbai,2026-08-01 12:21:00,2026-08-01 12:21:00,77.0,SENSOR_ANOMALY
DEV002,Mumbai,2026-08-01 12:22:00,2026-08-01 12:22:00,37.91,NORMAL
DEV004,Nagpur,2026-08-01 12:23:00,2026-08-01 12:23:00,27.1,NORMAL
DEV001,Pune,2026-08-01 12:24:00,2026-08-01 12:24:00,28.23,NORMAL
DEV001,Pune,2026-08-01 12:25:00,2026-08-01 12:25:00,25.04,NORMAL
DEV001,Pune,2026-08-01 12:26:00,2026-08-01 12:26:00,27.14,NORMAL
DEV001,Pune,2026-08-01 12:27:00,2026-08-01 12:27:00,36.16,NORMAL
DEV002,Mumbai,2026-08-01 12:28:00,2026-08-01 12:35:00,26.59,LATE
DEV001,Pune,2026-08-01 12:29:00,2026-08-01 12:29:00,32.71,NORMAL
DEV001,Pune,2026-08-01 12:30:00,2026-08-01 12:30:00,36.91,NORMAL
DEV002,Mumbai,2026-08-01 12:31:00,2026-08-01 12:31:00,22.71,NORMAL
DEV003,Nashik,2026-08-01 12:32:00,2026-08-01 12:32:00,33.99,NORMAL
DEV001,Pune,2026-08-01 12:33:00,2026-08-01 12:35:00,33.64,LATE
DEV001,Pune,2026-08-01 12:08:00,2026-08-01 12:34:00,37.71,BACKDATED
DEV001,Pune,2026-08-01 12:35:00,2026-08-01 12:35:00,23.43,NORMAL
DEV005,Chhatrapati Sambhajinagar,2026-08-01 12:36:00,2026-08-01 12:36:00,35.91,NORMAL
DEV002,Mumbai,2026-08-01 12:37:00,2026-08-01 12:37:00,30.56,NORMAL
DEV005,Chhatrapati Sambhajinagar,2026-08-01 12:29:00,2026-08-01 12:38:00,29.4,BACKDATED
DEV005,Chhatrapati Sambhajinagar,2026-08-01 12:39:00,2026-08-01 12:39:00,34.69,NORMAL
DEV001,Pune,2026-08-01 12:40:00,2026-08-01 12:40:00,29.07,NORMAL
DEV004,Nagpur,2026-08-01 12:41:00,2026-08-01 12:41:00,31.28,NORMAL
DEV005,Chhatrapati Sambhajinagar,2026-08-01 12:42:00,2026-08-01 12:42:00,30.65,NORMAL
DEV003,Nashik,2026-08-01 12:43:00,2026-08-01 12:43:00,30.92,NORMAL
DEV001,Pune,2026-08-01 12:44:00,2026-08-01 12:44:00,25.36,NORMAL
DEV003,Nashik,2026-08-01 12:45:00,2026-08-01 12:45:00,31.15,NORMAL
DEV002,Mumbai,2026-08-01 12:19:00,2026-08-01 12:46:00,27.49,BACKDATED
DEV001,Pune,2026-08-01 12:39:00,2026-08-01 12:47:00,25.78,BACKDATED
DEV005,Chhatrapati Sambhajinagar,2026-08-01 12:48:00,2026-08-01 12:48:00,22.55,NORMAL
DEV003,Nashik,2026-08-01 12:49:00,2026-08-01 12:49:00,27.16,NORMAL
DEV005,Chhatrapati Sambhajinagar,2026-08-01 12:50:00,2026-08-01 12:50:00,23.4,NORMAL
DEV004,Nagpur,2026-08-01 12:33:00,2026-08-01 12:51:00,32.38,BACKDATED
DEV004,Nagpur,2026-08-01 12:52:00,2026-08-01 12:52:00,37.83,NORMAL
DEV005,Chhatrapati Sambhajinagar,2026-08-01 12:53:00,2026-08-01 12:53:00,36.83,NORMAL
DEV003,Nashik,2026-08-01 12:54:00,2026-08-01 12:54:00,29.22,NORMAL
DEV005,Chhatrapati Sambhajinagar,2026-08-01 12:55:00,2026-08-01 12:55:00,33.29,NORMAL
DEV005,Chhatrapati Sambhajinagar,2026-08-01 12:29:00,2026-08-01 12:56:00,33.14,BACKDATED
DEV004,Nagpur,2026-08-01 12:57:00,2026-08-01 12:57:00,23.1,NORMAL
DEV001,Pune,2026-08-01 12:58:00,2026-08-01 12:58:00,27.24,NORMAL
DEV002,Mumbai,2026-08-01 12:59:00,2026-08-01 12:59:00,34.75,NORMAL
DEV003,Nashik,2026-08-01 13:00:00,2026-08-01 13:00:00,30.49,NORMAL
DEV004,Nagpur,2026-08-01 13:01:00,2026-08-01 13:01:00,33.03,NORMAL
DEV004,Nagpur,2026-08-01 13:02:00,2026-08-01 13:02:00,31.5,NORMAL
DEV002,Mumbai,2026-08-01 13:03:00,2026-08-01 13:03:00,34.87,NORMAL
DEV002,Mumbai,2026-08-01 13:04:00,2026-08-01 13:04:00,26.71,NORMAL
DEV005,Chhatrapati Sambhajinagar,2026-08-01 13:05:00,2026-08-01 13:05:00,26.92,NORMAL
DEV002,Mumbai,2026-08-01 13:06:00,2026-08-01 13:06:00,28.11,NORMAL
DEV001,Pune,2026-08-01 13:07:00,2026-08-01 13:07:00,26.74,NORMAL
DEV003,Nashik,2026-08-01 13:08:00,2026-08-01 13:08:00,35.75,NORMAL
DEV004,Nagpur,2026-08-01 13:09:00,2026-08-01 13:09:00,25.94,NORMAL
DEV003,Nashik,2026-08-01 13:10:00,2026-08-01 13:10:00,28.39,NORMAL
DEV004,Nagpur,2026-08-01 13:11:00,2026-08-01 13:11:00,33.42,NORMAL
DEV001,Pune,2026-08-01 13:12:00,2026-08-01 13:12:00,37.14,NORMAL
DEV003,Nashik,2026-08-01 13:13:00,2026-08-01 13:13:00,30.42,NORMAL
DEV004,Nagpur,2026-08-01 13:14:00,2026-08-01 13:21:00,25.37,LATE
DEV003,Nashik,2026-08-01 12:56:00,2026-08-01 13:15:00,25.17,BACKDATED
DEV005,Chhatrapati Sambhajinagar,2026-08-01 13:16:00,2026-08-01 13:16:00,28.2,NORMAL
DEV001,Pune,2026-08-01 13:17:00,2026-08-01 13:17:00,22.09,NORMAL
DEV004,Nagpur,2026-08-01 13:18:00,2026-08-01 13:18:00,32.71,NORMAL
DEV002,Mumbai,2026-08-01 13:19:00,2026-08-01 13:19:00,34.96,NORMAL
DEV005,Chhatrapati Sambhajinagar,2026-08-01 13:20:00,2026-08-01 13:20:00,32.34,NORMAL
DEV004,Nagpur,2026-08-01 13:21:00,2026-08-01 13:30:00,23.39,LATE
DEV003,Nashik,2026-08-01 13:22:00,2026-08-01 13:22:00,26.92,NORMAL
DEV003,Nashik,2026-08-01 13:23:00,2026-08-01 13:23:00,31.02,NORMAL
DEV001,Pune,2026-08-01 13:24:00,2026-08-01 13:24:00,29.52,NORMAL
DEV005,Chhatrapati Sambhajinagar,2026-08-01 13:25:00,2026-08-01 13:25:00,27.19,NORMAL
DEV002,Mumbai,2026-08-01 13:26:00,2026-08-01 13:26:00,36.19,NORMAL
DEV003,Nashik,2026-08-01 13:13:00,2026-08-01 13:27:00,26.89,BACKDATED
DEV001,Pune,2026-08-01 13:28:00,2026-08-01 13:28:00,22.22,NORMAL
DEV004,Nagpur,2026-08-01 13:29:00,2026-08-01 13:38:00,27.15,LATE
DEV002,Mumbai,2026-08-01 13:30:00,2026-08-01 13:30:00,30.41,NORMAL
DEV004,Nagpur,2026-08-01 13:31:00,2026-08-01 13:31:00,22.62,NORMAL
DEV003,Nashik,2026-08-01 13:32:00,2026-08-01 13:32:00,26.76,NORMAL
DEV005,Chhatrapati Sambhajinagar,2026-08-01 13:33:00,2026-08-01 13:43:00,35.59,LATE
DEV003,Nashik,2026-08-01 13:34:00,2026-08-01 13:34:00,23.0,NORMAL
DEV004,Nagpur,2026-08-01 13:35:00,2026-08-01 13:35:00,30.36,NORMAL
DEV005,Chhatrapati Sambhajinagar,2026-08-01 13:36:00,2026-08-01 13:36:00,30.04,NORMAL
DEV002,Mumbai,2026-08-01 13:37:00,2026-08-01 13:37:00,31.71,NORMAL
DEV004,Nagpur,2026-08-01 13:38:00,2026-08-01 13:38:00,101.31,SENSOR_ANOMALY
DEV005,Chhatrapati Sambhajinagar,2026-08-01 13:39:00,2026-08-01 13:39:00,34.44,NORMAL
DEV004,Nagpur,2026-08-01 13:40:00,2026-08-01 13:40:00,30.64,NORMAL
DEV001,Pune,2026-08-01 13:41:00,2026-08-01 13:41:00,24.88,NORMAL
DEV001,Pune,2026-08-01 13:42:00,2026-08-01 13:42:00,37.28,NORMAL
DEV005,Chhatrapati Sambhajinagar,2026-08-01 13:43:00,2026-08-01 13:43:00,22.11,NORMAL
DEV001,Pune,2026-08-01 13:44:00,2026-08-01 13:44:00,26.41,NORMAL
DEV003,Nashik,2026-08-01 13:45:00,2026-08-01 13:45:00,34.29,NORMAL
DEV004,Nagpur,2026-08-01 13:46:00,2026-08-01 13:46:00,32.18,NORMAL
DEV001,Pune,2026-08-01 13:47:00,2026-08-01 13:49:00,33.19,LATE
DEV001,Pune,2026-08-01 13:48:00,2026-08-01 13:48:00,26.62,NORMAL
DEV001,Pune,2026-08-01 13:49:00,2026-08-01 13:49:00,24.01,NORMAL
DEV002,Mumbai,2026-08-01 13:50:00,2026-08-01 13:50:00,25.78,NORMAL
DEV001,Pune,2026-08-01 13:51:00,2026-08-01 13:51:00,36.33,NORMAL
DEV004,Nagpur,2026-08-01 13:52:00,2026-08-01 13:52:00,22.72,NORMAL
DEV002,Mumbai,2026-08-01 13:53:00,2026-08-01 13:53:00,33.78,NORMAL
DEV003,Nashik,2026-08-01 13:54:00,2026-08-01 13:54:00,24.79,NORMAL
DEV004,Nagpur,2026-08-01 13:55:00,2026-08-01 13:55:00,32.1,NORMAL
DEV005,Chhatrapati Sambhajinagar,2026-08-01 13:56:00,2026-08-01 13:56:00,34.33,NORMAL
DEV005,Chhatrapati Sambhajinagar,2026-08-01 13:57:00,2026-08-01 13:57:00,31.95,NORMAL
DEV005,Chhatrapati Sambhajinagar,2026-08-01 13:58:00,2026-08-01 13:58:00,32.06,NORMAL
DEV001,Pune,2026-08-01 13:59:00,2026-08-01 13:59:00,29.45,NORMAL
DEV003,Nashik,2026-08-01 14:00:00,2026-08-01 14:00:00,82.78,SENSOR_ANOMALY
DEV003,Nashik,2026-08-01 14:01:00,2026-08-01 14:01:00,27.04,NORMAL
DEV001,Pune,2026-08-01 14:02:00,2026-08-01 14:02:00,32.58,NORMAL
DEV003,Nashik,2026-08-01 14:03:00,2026-08-01 14:03:00,29.92,NORMAL
DEV001,Pune,2026-08-01 14:04:00,2026-08-01 14:04:00,25.83,NORMAL
DEV005,Chhatrapati Sambhajinagar,2026-08-01 14:05:00,2026-08-01 14:05:00,28.0,NORMAL
DEV005,Chhatrapati Sambhajinagar,2026-08-01 14:06:00,2026-08-01 14:06:00,26.15,NORMAL
DEV003,Nashik,2026-08-01 14:07:00,2026-08-01 14:07:00,35.65,NORMAL
DEV005,Chhatrapati Sambhajinagar,2026-08-01 14:08:00,2026-08-01 14:08:00,26.59,NORMAL
DEV001,Pune,2026-08-01 14:09:00,2026-08-01 14:09:00,22.7,NORMAL
DEV002,Mumbai,2026-08-01 14:10:00,2026-08-01 14:10:00,22.03,NORMAL
DEV002,Mumbai,2026-08-01 14:11:00,2026-08-01 14:11:00,32.06,NORMAL
DEV001,Pune,2026-08-01 14:12:00,2026-08-01 14:12:00,28.05,NORMAL
DEV004,Nagpur,2026-08-01 14:13:00,2026-08-01 14:13:00,37.2,NORMAL
DEV001,Pune,2026-08-01 14:14:00,2026-08-01 14:14:00,26.91,NORMAL
DEV004,Nagpur,2026-08-01 14:15:00,2026-08-01 14:15:00,26.82,NORMAL
DEV005,Chhatrapati Sambhajinagar,2026-08-01 14:16:00,2026-08-01 14:16:00,23.09,NORMAL
DEV002,Mumbai,2026-08-01 14:17:00,2026-08-01 14:17:00,36.57,NORMAL
DEV002,Mumbai,2026-08-01 14:18:00,2026-08-01 14:18:00,26.28,NORMAL
DEV002,Mumbai,2026-08-01 14:19:00,2026-08-01 14:19:00,35.81,NORMAL
DEV004,Nagpur,2026-08-01 14:20:00,2026-08-01 14:20:00,25.02,NORMAL
DEV005,Chhatrapati Sambhajinagar,2026-08-01 14:21:00,2026-08-01 14:21:00,30.8,NORMAL
DEV002,Mumbai,2026-08-01 14:22:00,2026-08-01 14:22:00,30.61,NORMAL
DEV005,Chhatrapati Sambhajinagar,2026-08-01 14:23:00,2026-08-01 14:23:00,32.09,NORMAL
DEV003,Nashik,2026-08-01 14:24:00,2026-08-01 14:24:00,27.17,NORMAL
DEV003,Nashik,2026-08-01 14:25:00,2026-08-01 14:25:00,34.82,NORMAL
DEV004,Nagpur,2026-08-01 14:26:00,2026-08-01 14:36:00,32.86,LATE
DEV005,Chhatrapati Sambhajinagar,2026-08-01 14:27:00,2026-08-01 14:27:00,22.44,NORMAL
DEV004,Nagpur,2026-08-01 14:28:00,2026-08-01 14:28:00,31.59,NORMAL
DEV003,Nashik,2026-08-01 14:29:00,2026-08-01 14:29:00,27.63,NORMAL
DEV002,Mumbai,2026-08-01 14:30:00,2026-08-01 14:30:00,25.59,NORMAL
DEV005,Chhatrapati Sambhajinagar,2026-08-01 14:31:00,2026-08-01 14:31:00,22.95,NORMAL
DEV002,Mumbai,2026-08-01 14:32:00,2026-08-01 14:32:00,37.77,NORMAL
DEV002,Mumbai,2026-08-01 14:33:00,2026-08-01 14:33:00,36.09,NORMAL
DEV004,Nagpur,2026-08-01 14:34:00,2026-08-01 14:34:00,29.59,NORMAL
DEV005,Chhatrapati Sambhajinagar,2026-08-01 14:35:00,2026-08-01 14:35:00,28.75,NORMAL
DEV005,Chhatrapati Sambhajinagar,2026-08-01 14:36:00,2026-08-01 14:36:00,31.83,NORMAL
DEV005,Chhatrapati Sambhajinagar,2026-08-01 14:37:00,2026-08-01 14:37:00,36.1,NORMAL
DEV002,Mumbai,2026-08-01 14:38:00,2026-08-01 14:42:00,33.92,LATE
DEV004,Nagpur,2026-08-01 14:39:00,2026-08-01 14:39:00,30.01,NORMAL
DEV005,Chhatrapati Sambhajinagar,2026-08-01 14:40:00,2026-08-01 14:40:00,30.65,NORMAL
DEV001,Pune,2026-08-01 14:24:00,2026-08-01 14:41:00,25.34,BACKDATED
DEV005,Chhatrapati Sambhajinagar,2026-08-01 14:42:00,2026-08-01 14:42:00,27.96,NORMAL
DEV004,Nagpur,2026-08-01 14:43:00,2026-08-01 14:43:00,37.66,NORMAL
DEV005,Chhatrapati Sambhajinagar,2026-08-01 14:44:00,2026-08-01 14:44:00,36.1,NORMAL
DEV001,Pune,2026-08-01 14:45:00,2026-08-01 14:45:00,31.31,NORMAL
DEV001,Pune,2026-08-01 14:46:00,2026-08-01 14:46:00,33.02,NORMAL
DEV003,Nashik,2026-08-01 14:47:00,2026-08-01 14:47:00,24.81,NORMAL
DEV003,Nashik,2026-08-01 14:48:00,2026-08-01 14:48:00,28.67,NORMAL
DEV001,Pune,2026-08-01 14:49:00,2026-08-01 14:49:00,37.09,NORMAL
DEV004,Nagpur,2026-08-01 14:50:00,2026-08-01 14:50:00,36.09,NORMAL
DEV002,Mumbai,2026-08-01 14:51:00,2026-08-01 14:51:00,25.81,NORMAL
DEV004,Nagpur,2026-08-01 14:52:00,2026-08-01 14:52:00,28.62,NORMAL
DEV002,Mumbai,2026-08-01 14:53:00,2026-08-01 14:53:00,35.82,NORMAL
DEV002,Mumbai,2026-08-01 14:54:00,2026-08-01 14:54:00,27.37,NORMAL
DEV001,Pune,2026-08-01 14:55:00,2026-08-01 14:55:00,32.7,NORMAL
DEV003,Nashik,2026-08-01 14:56:00,2026-08-01 14:56:00,35.03,NORMAL
DEV003,Nashik,2026-08-01 14:57:00,2026-08-01 14:57:00,22.46,NORMAL
DEV003,Nashik,2026-08-01 14:58:00,2026-08-01 14:58:00,24.65,NORMAL
DEV003,Nashik,2026-08-01 14:59:00,2026-08-01 14:59:00,31.96,NORMAL
DEV005,Chhatrapati Sambhajinagar,2026-08-01 15:00:00,2026-08-01 15:00:00,26.44,NORMAL
DEV004,Nagpur,2026-08-01 15:01:00,2026-08-01 15:01:00,25.89,NORMAL
DEV003,Nashik,2026-08-01 15:02:00,2026-08-01 15:02:00,33.83,NORMAL
DEV004,Nagpur,2026-08-01 15:03:00,2026-08-01 15:05:00,23.56,LATE
DEV001,Pune,2026-08-01 15:04:00,2026-08-01 15:04:00,24.25,NORMAL
DEV001,Pune,2026-08-01 15:05:00,2026-08-01 15:05:00,30.0,NORMAL
DEV005,Chhatrapati Sambhajinagar,2026-08-01 15:06:00,2026-08-01 15:06:00,23.26,NORMAL
DEV005,Chhatrapati Sambhajinagar,2026-08-01 15:07:00,2026-08-01 15:07:00,29.47,NORMAL
DEV003,Nashik,2026-08-01 15:08:00,2026-08-01 15:08:00,29.25,NORMAL
DEV003,Nashik,2026-08-01 15:09:00,2026-08-01 15:09:00,33.55,NORMAL
DEV004,Nagpur,2026-08-01 15:10:00,2026-08-01 15:10:00,23.97,NORMAL
DEV005,Chhatrapati Sambhajinagar,2026-08-01 14:42:00,2026-08-01 15:11:00,26.16,BACKDATED
DEV003,Nashik,2026-08-01 15:12:00,2026-08-01 15:12:00,31.47,NORMAL
DEV003,Nashik,2026-08-01 15:13:00,2026-08-01 15:13:00,22.64,NORMAL
DEV002,Mumbai,2026-08-01 15:14:00,2026-08-01 15:14:00,28.2,NORMAL
DEV005,Chhatrapati Sambhajinagar,2026-08-01 15:15:00,2026-08-01 15:15:00,37.77,NORMAL
DEV003,Nashik,2026-08-01 15:16:00,2026-08-01 15:16:00,23.69,NORMAL
DEV001,Pune,2026-08-01 15:17:00,2026-08-01 15:17:00,23.47,NORMAL
DEV003,Nashik,2026-08-01 15:18:00,2026-08-01 15:18:00,28.4,NORMAL
DEV002,Mumbai,2026-08-01 15:19:00,2026-08-01 15:19:00,23.98,NORMAL
DEV003,Nashik,2026-08-01 15:20:00,2026-08-01 15:20:00,33.32,NORMAL
DEV005,Chhatrapati Sambhajinagar,2026-08-01 15:21:00,2026-08-01 15:21:00,33.36,NORMAL
DEV005,Chhatrapati Sambhajinagar,2026-08-01 15:22:00,2026-08-01 15:30:00,33.08,LATE
DEV002,Mumbai,2026-08-01 15:23:00,2026-08-01 15:23:00,33.53,NORMAL
DEV002,Mumbai,2026-08-01 15:24:00,2026-08-01 15:24:00,29.15,NORMAL
DEV004,Nagpur,2026-08-01 15:25:00,2026-08-01 15:25:00,33.33,NORMAL
DEV005,Chhatrapati Sambhajinagar,2026-08-01 15:26:00,2026-08-01 15:26:00,35.65,NORMAL
DEV001,Pune,2026-08-01 15:27:00,2026-08-01 15:36:00,27.99,LATE
DEV005,Chhatrapati Sambhajinagar,2026-08-01 15:28:00,2026-08-01 15:28:00,24.21,NORMAL
DEV001,Pune,2026-08-01 15:29:00,2026-08-01 15:29:00,24.79,NORMAL
DEV003,Nashik,2026-08-01 15:30:00,2026-08-01 15:30:00,25.81,NORMAL
DEV004,Nagpur,2026-08-01 15:31:00,2026-08-01 15:31:00,32.89,NORMAL
DEV001,Pune,2026-08-01 15:32:00,2026-08-01 15:32:00,26.94,NORMAL
DEV002,Mumbai,2026-08-01 15:33:00,2026-08-01 15:33:00,34.67,NORMAL
DEV001,Pune,2026-08-01 15:34:00,2026-08-01 15:40:00,35.19,LATE
DEV002,Mumbai,2026-08-01 15:35:00,2026-08-01 15:35:00,24.85,NORMAL
DEV001,Pune,2026-08-01 15:36:00,2026-08-01 15:36:00,30.56,NORMAL
DEV001,Pune,2026-08-01 15:37:00,2026-08-01 15:37:00,32.93,NORMAL
DEV005,Chhatrapati Sambhajinagar,2026-08-01 15:38:00,2026-08-01 15:43:00,34.16,LATE
DEV005,Chhatrapati Sambhajinagar,2026-08-01 15:39:00,2026-08-01 15:39:00,31.76,NORMAL
DEV004,Nagpur,2026-08-01 15:40:00,2026-08-01 15:40:00,35.67,NORMAL
DEV005,Chhatrapati Sambhajinagar,2026-08-01 15:41:00,2026-08-01 15:41:00,25.13,NORMAL
DEV001,Pune,2026-08-01 15:42:00,2026-08-01 15:42:00,31.29,NORMAL
DEV002,Mumbai,2026-08-01 15:43:00,2026-08-01 15:43:00,27.34,NORMAL
DEV001,Pune,2026-08-01 15:44:00,2026-08-01 15:44:00,24.42,NORMAL
DEV001,Pune,2026-08-01 15:45:00,2026-08-01 15:45:00,30.44,NORMAL
DEV003,Nashik,2026-08-01 15:46:00,2026-08-01 15:46:00,35.04,NORMAL
DEV004,Nagpur,2026-08-01 15:47:00,2026-08-01 15:47:00,26.71,NORMAL
DEV002,Mumbai,2026-08-01 15:48:00,2026-08-01 15:48:00,29.28,NORMAL
DEV001,Pune,2026-08-01 15:49:00,2026-08-01 15:49:00,26.79,NORMAL
DEV001,Pune,2026-08-01 15:50:00,2026-08-01 15:50:00,28.39,NORMAL
DEV001,Pune,2026-08-01 15:51:00,2026-08-01 15:51:00,25.43,NORMAL
DEV002,Mumbai,2026-08-01 15:52:00,2026-08-01 15:52:00,29.63,NORMAL
DEV002,Mumbai,2026-08-01 15:53:00,2026-08-01 15:53:00,34.04,NORMAL
DEV005,Chhatrapati Sambhajinagar,2026-08-01 15:54:00,2026-08-01 15:54:00,31.04,NORMAL
DEV003,Nashik,2026-08-01 15:55:00,2026-08-01 15:55:00,22.26,NORMAL
DEV001,Pune,2026-08-01 15:27:00,2026-08-01 15:56:00,35.54,BACKDATED
DEV005,Chhatrapati Sambhajinagar,2026-08-01 15:57:00,2026-08-01 15:57:00,35.29,NORMAL
DEV001,Pune,2026-08-01 15:58:00,2026-08-01 15:58:00,36.42,NORMAL
DEV003,Nashik,2026-08-01 15:59:00,2026-08-01 15:59:00,22.54,NORMAL
DEV002,Mumbai,2026-08-01 16:00:00,2026-08-01 16:00:00,24.07,NORMAL
DEV002,Mumbai,2026-08-01 16:01:00,2026-08-01 16:01:00,32.12,NORMAL
DEV002,Mumbai,2026-08-01 16:02:00,2026-08-01 16:02:00,30.19,NORMAL
DEV005,Chhatrapati Sambhajinagar,2026-08-01 16:03:00,2026-08-01 16:03:00,26.34,NORMAL
DEV003,Nashik,2026-08-01 16:04:00,2026-08-01 16:04:00,35.9,NORMAL
DEV002,Mumbai,2026-08-01 16:05:00,2026-08-01 16:05:00,26.82,NORMAL
DEV005,Chhatrapati Sambhajinagar,2026-08-01 16:06:00,2026-08-01 16:06:00,24.51,NORMAL
DEV002,Mumbai,2026-08-01 16:07:00,2026-08-01 16:07:00,32.26,NORMAL
DEV004,Nagpur,2026-08-01 16:08:00,2026-08-01 16:08:00,34.65,NORMAL
DEV005,Chhatrapati Sambhajinagar,2026-08-01 16:09:00,2026-08-01 16:09:00,32.54,NORMAL
DEV005,Chhatrapati Sambhajinagar,2026-08-01 16:10:00,2026-08-01 16:10:00,33.65,NORMAL
DEV005,Chhatrapati Sambhajinagar,2026-08-01 16:11:00,2026-08-01 16:11:00,32.3,NORMAL
DEV005,Chhatrapati Sambhajinagar,2026-08-01 16:12:00,2026-08-01 16:12:00,25.43,NORMAL
DEV004,Nagpur,2026-08-01 16:13:00,2026-08-01 16:13:00,30.14,NORMAL
DEV002,Mumbai,2026-08-01 16:14:00,2026-08-01 16:14:00,25.73,NORMAL
DEV005,Chhatrapati Sambhajinagar,2026-08-01 16:15:00,2026-08-01 16:15:00,32.5,NORMAL
DEV005,Chhatrapati Sambhajinagar,2026-08-01 16:16:00,2026-08-01 16:16:00,32.7,NORMAL
DEV001,Pune,2026-08-01 16:17:00,2026-08-01 16:17:00,36.27,NORMAL
DEV005,Chhatrapati Sambhajinagar,2026-08-01 16:05:00,2026-08-01 16:18:00,34.78,BACKDATED
DEV004,Nagpur,2026-08-01 16:19:00,2026-08-01 16:19:00,35.97,NORMAL
DEV005,Chhatrapati Sambhajinagar,2026-08-01 16:20:00,2026-08-01 16:20:00,33.28,NORMAL
DEV002,Mumbai,2026-08-01 16:21:00,2026-08-01 16:21:00,102.54,SENSOR_ANOMALY
DEV001,Pune,2026-08-01 16:22:00,2026-08-01 16:22:00,25.68,NORMAL
DEV004,Nagpur,2026-08-01 16:23:00,2026-08-01 16:23:00,32.24,NORMAL
DEV005,Chhatrapati Sambhajinagar,2026-08-01 16:24:00,2026-08-01 16:24:00,34.7,NORMAL
DEV002,Mumbai,2026-08-01 16:25:00,2026-08-01 16:25:00,34.66,NORMAL
DEV004,Nagpur,2026-08-01 16:26:00,2026-08-01 16:26:00,36.97,NORMAL
DEV001,Pune,2026-08-01 16:27:00,2026-08-01 16:27:00,37.64,NORMAL
DEV005,Chhatrapati Sambhajinagar,2026-08-01 16:28:00,2026-08-01 16:28:00,31.78,NORMAL
DEV002,Mumbai,2026-08-01 16:29:00,2026-08-01 16:29:00,26.57,NORMAL
DEV004,Nagpur,2026-08-01 16:30:00,2026-08-01 16:30:00,26.7,NORMAL
DEV003,Nashik,2026-08-01 16:31:00,2026-08-01 16:31:00,36.48,NORMAL
DEV001,Pune,2026-08-01 16:32:00,2026-08-01 16:32:00,25.02,NORMAL
DEV002,Mumbai,2026-08-01 16:33:00,2026-08-01 16:33:00,29.27,NORMAL
DEV004,Nagpur,2026-08-01 16:34:00,2026-08-01 16:34:00,22.07,NORMAL
DEV003,Nashik,2026-08-01 16:35:00,2026-08-01 16:35:00,36.81,NORMAL
DEV003,Nashik,2026-08-01 16:36:00,2026-08-01 16:36:00,23.73,NORMAL
DEV002,Mumbai,2026-08-01 16:37:00,2026-08-01 16:37:00,24.64,NORMAL
DEV001,Pune,2026-08-01 16:38:00,2026-08-01 16:38:00,29.08,NORMAL
DEV002,Mumbai,2026-08-01 16:39:00,2026-08-01 16:39:00,22.92,NORMAL
